,num,ra,dec,Rmag,redshift,ra_galex,dec_galex,fuv_mag,nuv_mag,fuv_magerr,nuv_magerr,fuv_flux,nuv_flux,fuv_fluxerr,nuv_fluxerr,angularsep
0,2,13.52997,-28.44776,21.18,0.34555,13.5314230771042,-28.4560117831223,20.42286,21.14517,0.2524262,0.2552243,24.59552,12.64537,5.7169,2.971828,30.060347468454566
1,3,13.52552,-28.4208,21.45,0.6866,13.5244293521325,-28.4151000169588,-999.0,22.17334,-999.0,0.4727733,-999.0,4.905293,-999.0,2.135443,20.808472692780924
2,9,13.50219,-28.40641,21.6,0.29266,13.4935822379434,-28.4046865275831,-999.0,21.51079,-999.0,0.3604291,-999.0,9.029878,-999.0,2.996898,27.9543171705199
3,13,13.49261,-28.38272,23.14,0.6887,13.4882921962302,-28.3740332823152,-999.0,22.62969,-999.0,0.5434973,-999.0,3.221977,-999.0,1.612464,34.13189084529609
4,19,13.60758,-28.43452,21.7,0.48395,13.6023189744873,-28.4432090689629,-999.0,21.15274,-999.0,0.2871154,-999.0,12.55755,-999.0,3.31995,35.43783228205827
5,24,13.59032,-28.37749,21.77,0.46612,13.5991805011336,-28.3740159023017,-999.0,22.39104,-999.0,0.5514446,-999.0,4.014068,-999.0,2.038247,30.725861065567333
6,25,13.59405,-28.44029,22.34,0.4481,13.6023189744873,-28.4432090689629,-999.0,21.15274,-999.0,0.2871154,-999.0,12.55755,-999.0,3.31995,28.20601670219785
7,30,13.5803,-28.43544,21.08,0.29032,13.5683806384887,-28.431562841227,-999.0,21.74268,-999.0,0.47128,-999.0,7.293375,-999.0,3.165029,40.23229745200955
8,31,13.57201,-28.38038,21.32,0.63267,13.5764533845611,-28.3896380111013,-999.0,22.16373,-999.0,0.4310407,-999.0,4.948873,-999.0,1.964241,36.178186926698416
9,32,13.57901,-28.43941,0.0,0.45335,13.5683806384887,-28.431562841227,-999.0,21.74268,-999.0,0.47128,-999.0,7.293375,-999.0,3.165029,43.93530366480025
10,33,13.575,-28.43938,19.21,0.44741,13.5683806384887,-28.431562841227,-999.0,21.74268,-999.0,0.47128,-999.0,7.293375,-999.0,3.165029,35.0864720527568
11,34,13.57391,-28.44285,20.63,0.63013,13.574877214948,-28.4523420095025,-999.0,21.86881,-999.0,0.5218047,-999.0,6.493441,-999.0,3.119989,34.30810768666201
12,35,13.57178,-28.43542,20.26,0.44862,13.5683806384887,-28.431562841227,-999.0,21.74268,-999.0,0.47128,-999.0,7.293375,-999.0,3.165029,17.567695969914865
13,36,13.5687,-28.43129,19.96,0.82266,13.5683806384887,-28.431562841227,-999.0,21.74268,-999.0,0.47128,-999.0,7.293375,-999.0,3.165029,1.4095959317358022
14,37,13.56332,-28.39934,21.33,0.68905,13.5606626211798,-28.394489573664,20.01939,19.91241,0.1953644,0.1269312,35.66522,39.3583,6.415944,4.600179,19.383630994185502
15,45,13.54055,-28.44539,22.11,1.10116,13.5437330933828,-28.4492754352008,-999.0,22.48808,-999.0,0.4382202,-999.0,3.670866,-999.0,1.481259,17.23855738640088
16,47,13.52895,-28.41771,0.0,0.29369,13.5244293521325,-28.4151000169588,-999.0,22.17334,-999.0,0.4727733,-999.0,4.905293,-999.0,2.135443,17.12189457897097
17,49,13.52328,-28.40698,21.87,0.68613,13.5244293521325,-28.4151000169588,-999.0,22.17334,-999.0,0.4727733,-999.0,4.905293,-999.0,2.135443,29.4577324508017
18,51,13.49064,-28.41398,21.28,0.62989,13.4926732305517,-28.4147754527793,-999.0,22.30887,-999.0,0.4557257,-999.0,4.329625,-999.0,1.81687,7.045992436313192
19,55,13.5805,-28.43802,20.55,0.44889,13.5683806384887,-28.431562841227,-999.0,21.74268,-999.0,0.47128,-999.0,7.293375,-999.0,3.165029,44.85901190760514
20,57,13.57522,-28.43688,20.89,0.21729,13.5683806384887,-28.431562841227,-999.0,21.74268,-999.0,0.47128,-999.0,7.293375,-999.0,3.165029,28.89969791107119
21,58,13.5673,-28.38054,21.4,0.63131,13.5764533845611,-28.3896380111013,-999.0,22.16373,-999.0,0.4310407,-999.0,4.948873,-999.0,1.964241,43.74006130547643
22,59,13.56647,-28.39309,22.16,0.89,13.5606626211798,-28.394489573664,20.01939,19.91241,0.1953644,0.1269312,35.66522,39.3583,6.415944,4.600179,19.069180578154338
23,61,13.56739,-28.43768,21.52,0.48582,13.5683806384887,-28.431562841227,-999.0,21.74268,-999.0,0.47128,-999.0,7.293375,-999.0,3.165029,22.243950199804765
24,62,13.52963,-28.35402,0.0,0.32338,13.5295985779066,-28.3596835802807,-999.0,21.89519,-999.0,0.4236734,-999.0,6.33757,-999.0,2.472431,20.38913201864967
25,66,13.54741,-28.40509,24.63,0.44613,13.5375564242599,-28.4029858561987,-999.0,22.45016,-999.0,0.5138618,-999.0,3.801349,-999.0,1.798681,32.108778856176066
26,67,13.54758,-28.42003,22.36,0.52542,13.5484394195987,-28.4224141830716,-999.0,22.06264,-999.0,0.5254802,-999.0,5.431808,-999.0,2.628276,9.00404306384257
27,68,13.54207,-28.39949,0.0,0.11682,13.5404722735861,-28.3982863819147,-999.0,21.32662,-999.0,0.315424,-999.0,10.69922,-999.0,3.107543,6.661452724144548
28,69,13.54207,-28.39949,0.0,0.82624,13.5404722735861,-28.3982863819147,-999.0,21.32662,-999.0,0.315424,-999.0,10.69922,-999.0,3.107543,6.661452724144548
29,70,13.52947,-28.37514,22.58,0.98172,13.5380543173577,-28.3834546228873,21.63759,-999.0,0.4605617,-999.0,8.034657,-999.0,3.407417,-999.0,40.43804634244681
30,71,13.53075,-28.41769,22.16,0.29381,13.5244293521325,-28.4151000169588,-999.0,22.17334,-999.0,0.4727733,-999.0,4.905293,-999.0,2.135443,22.078150541564032
31,72,13.52818,-28.41987,23.71,1.0,13.5244293521325,-28.4151000169588,-999.0,22.17334,-999.0,0.4727733,-999.0,4.905293,-999.0,2.135443,20.878202823149394
32,73,13.52497,-28.40487,22.46,0.63179,13.5244293521325,-28.4151000169588,-999.0,22.17334,-999.0,0.4727733,-999.0,4.905293,-999.0,2.135443,36.86782845785337
33,77,13.50562,-28.43248,23.24,0.96342,13.4988558592735,-28.4277831400267,-999.0,21.83341,-999.0,0.5039114,-999.0,6.708634,-999.0,3.112852,27.284971397330235
34,79,13.48659,-28.38827,24.79,0.29317,13.4875342155354,-28.4020200915406,-999.0,22.72675,-999.0,0.5368448,-999.0,2.946444,-999.0,1.456522,49.59056386265455
35,80,13.49205,-28.40422,21.95,0.62787,13.4935822379434,-28.4046865275831,-999.0,21.51079,-999.0,0.3604291,-999.0,9.029878,-999.0,2.996898,5.13444246867386
36,83,13.54474,-28.37028,23.13,0.628,13.5449151684792,-28.3782743142547,19.75352,19.20278,0.174327,0.09215275,45.5611,75.66402,7.313566,6.420486,28.784879324249978
37,84,13.54516,-28.39761,23.32,1.046,13.5404722735861,-28.3982863819147,-999.0,21.32662,-999.0,0.315424,-999.0,10.69922,-999.0,3.107543,15.043447987861414
38,85,13.53755,-28.38375,23.21,0.979,13.5380543173577,-28.3834546228873,21.63759,-999.0,0.4605617,-999.0,8.034657,-999.0,3.407417,-999.0,1.9188677190683596
39,86,13.53298,-28.3665,23.75,0.1265,13.5295985779066,-28.3596835802807,-999.0,21.89519,-999.0,0.4236734,-999.0,6.33757,-999.0,2.472431,26.775184635893964
40,87,13.52876,-28.37394,23.12,1.102,13.5380543173577,-28.3834546228873,21.63759,-999.0,0.4605617,-999.0,8.034657,-999.0,3.407417,-999.0,45.16494160119638
41,89,13.52628,-28.40238,22.79,0.6879,13.5375564242599,-28.4029858561987,-999.0,22.45016,-999.0,0.5138618,-999.0,3.801349,-999.0,1.798681,35.775090039933836
42,91,13.50394,-28.36725,23.17,0.688,13.5041282432428,-28.3556554655055,-999.0,22.31343,-999.0,0.5875947,-999.0,4.311502,-999.0,2.332795,41.74458379113443
43,93,13.50662,-28.43862,23.46,0.2885,13.4988558592735,-28.4277831400267,-999.0,21.83341,-999.0,0.5039114,-999.0,6.708634,-999.0,3.112852,46.10998613669727
44,96,13.48804,-28.40045,23.27,0.7741,13.4875342155354,-28.4020200915406,-999.0,22.72675,-999.0,0.5368448,-999.0,2.946444,-999.0,1.456522,5.874875767852306
45,97,13.4859,-28.42946,23.97,0.436,13.4786502975782,-28.4280997667502,-999.0,21.70958,-999.0,0.3412842,-999.0,7.519138,-999.0,2.36295,23.468215762755555
46,102,13.46641,-28.36623,23.61,0.5133,13.4622757582966,-28.3671972285535,-999.0,22.75472,-999.0,0.7056196,-999.0,2.871513,-999.0,1.865742,13.55115593822712
47,106,13.46003,-28.39164,22.89,0.6436,13.4706769400791,-28.3908393581283,-999.0,22.04547,-999.0,0.4404276,-999.0,5.51839,-999.0,2.237984,33.841790092466326
48,107,13.46054,-28.42475,23.33,1.022,13.470074724243,-28.4199377095691,-999.0,22.21463,-999.0,0.4734981,-999.0,4.722255,-999.0,2.058912,34.80544713908003
49,109,13.45555,-28.41175,0.0,0.8266,13.4648079779311,-28.4052207938936,-999.0,22.57185,-999.0,0.5824109,-999.0,3.398274,-999.0,1.822461,37.57490439463117
50,110,13.45114,-28.392,23.1,0.797,13.4467515630067,-28.3946552503701,19.54555,19.05549,0.1520976,0.07734039,55.17986,86.6566,7.728105,6.171321,16.86783860773248
51,111,13.45428,-28.44966,22.75,0.6096,13.4472542780753,-28.4613413278997,-999.0,22.64549,-999.0,0.5911726,-999.0,3.175424,-999.0,1.728567,47.570133785110116
52,112,13.4549,-28.44951,22.51,0.8366,13.463319133903,-28.4606892295785,19.55081,19.955,0.158948,0.1270444,54.91329,37.84432,8.037164,4.427174,48.26754897677259
53,113,13.45126,-28.43824,22.98,1.301,13.45150827943,-28.4324692158982,-999.0,22.48139,-999.0,0.5182489,-999.0,3.693558,-999.0,1.762599,20.789685278881333
54,114,13.45027,-28.44664,23.24,1.214,13.45150827943,-28.4324692158982,-999.0,22.48139,-999.0,0.5182489,-999.0,3.693558,-999.0,1.762599,51.165195900532765
55,115,13.44752,-28.43847,21.17,0.6886,13.45150827943,-28.4324692158982,-999.0,22.48139,-999.0,0.5182489,-999.0,3.693558,-999.0,1.762599,25.021741829908883
56,117,13.4376,-28.38722,21.79,0.4479,13.4450751703244,-28.3797011172433,-999.0,22.60629,-999.0,0.5306217,-999.0,3.29218,-999.0,1.608565,35.961206005849526
57,118,13.43429,-28.37071,21.99,0.688,13.4384461460004,-28.371584127052,-999.0,22.47854,-999.0,0.6716206,-999.0,3.703254,-999.0,2.290222,13.53587045925552
58,120,13.43749,-28.45215,21.71,0.5585,13.4472542780753,-28.4613413278997,-999.0,22.64549,-999.0,0.5911726,-999.0,3.175424,-999.0,1.728567,45.27630212182378
59,121,13.43548,-28.45206,23.42,0.8823,13.4472542780753,-28.4613413278997,-999.0,22.64549,-999.0,0.5911726,-999.0,3.175424,-999.0,1.728567,50.05169516137834
60,123,13.47871,-28.3861,22.07,0.64035,13.4706769400791,-28.3908393581283,-999.0,22.04547,-999.0,0.4404276,-999.0,5.51839,-999.0,2.237984,30.632710270693355
61,127,13.464,-28.44285,22.65,0.5583,13.45150827943,-28.4324692158982,-999.0,22.48139,-999.0,0.5182489,-999.0,3.693558,-999.0,1.762599,54.40862434083984
62,128,13.45822,-28.39604,0.0,0.18642,13.4467515630067,-28.3946552503701,19.54555,19.05549,0.1520976,0.07734039,55.17986,86.6566,7.728105,6.171321,36.659620412012224
63,132,13.4443,-28.37561,20.17,0.2934,13.4470407185508,-28.3772441806641,-999.0,22.59411,-999.0,0.4996902,-999.0,3.329333,-999.0,1.531892,10.486709057654076
64,134,13.44588,-28.42924,20.9,0.4191,13.45150827943,-28.4324692158982,-999.0,22.48139,-999.0,0.5182489,-999.0,3.693558,-999.0,1.762599,21.275069760751578
65,135,13.43624,-28.38396,0.0,0.69039,13.4285764277337,-28.3805395189297,-999.0,22.34551,-999.0,0.4979788,-999.0,4.185945,-999.0,1.91944,27.217373613919232
66,137,13.43321,-28.38882,0.0,0.29502,13.4285764277337,-28.3805395189297,-999.0,22.34551,-999.0,0.4979788,-999.0,4.185945,-999.0,1.91944,33.22631395489681
67,138,13.43693,-28.44907,21.53,0.55962,13.4472542780753,-28.4613413278997,-999.0,22.64549,-999.0,0.5911726,-999.0,3.175424,-999.0,1.728567,54.94895391753759
68,141,13.50833,-28.38424,21.0,0.29477,13.4882921962302,-28.3740332823152,-999.0,22.62969,-999.0,0.5434973,-999.0,3.221977,-999.0,1.612464,73.33609283132493
69,149,13.55563,-28.40617,20.49,0.43607,13.560671257771,-28.4167477725333,-999.0,21.70048,-999.0,0.3570176,-999.0,7.582391,-999.0,2.492676,41.29030832981608
70,151,13.54459,-28.38795,22.23,0.49762,13.5448253545026,-28.3887398295842,-999.0,22.45693,-999.0,0.4845735,-999.0,3.777699,-999.0,1.68561,2.9394640643191754
71,152,13.55109,-28.39275,22.43,0.1304,13.5448253545026,-28.3887398295842,-999.0,22.45693,-999.0,0.4845735,-999.0,3.777699,-999.0,1.68561,24.53669686024553
72,156,13.54798,-28.37027,21.73,0.18348,13.5449151684792,-28.3782743142547,19.75352,19.20278,0.174327,0.09215275,45.5611,75.66402,7.313566,6.420486,30.406865565144702
73,160,13.47803,-28.38478,22.81,0.20323,13.4706769400791,-28.3908393581283,-999.0,22.04547,-999.0,0.4404276,-999.0,5.51839,-999.0,2.237984,31.908649277461443
74,161,13.48144,-28.39336,21.92,0.44612,13.4706769400791,-28.3908393581283,-999.0,22.04547,-999.0,0.4404276,-999.0,5.51839,-999.0,2.237984,35.273486028067154
75,164,13.48628,-28.4112,21.83,0.4369,13.4832181005554,-28.4138619235707,-999.0,22.41085,-999.0,0.4801437,-999.0,3.94149,-999.0,1.742617,13.631836418947241
76,171,13.45904,-28.41023,20.9,0.53328,13.4648079779311,-28.4052207938936,-999.0,22.57185,-999.0,0.5824109,-999.0,3.398274,-999.0,1.822461,25.66670560531898
77,178,13.53943,-28.41253,19.41,0.44596,13.5375564242599,-28.4029858561987,-999.0,22.45016,-999.0,0.5138618,-999.0,3.801349,-999.0,1.798681,34.8673479650793
78,179,13.55183,-28.42207,22.07,0.46721,13.5484394195987,-28.4224141830716,-999.0,22.06264,-999.0,0.5254802,-999.0,5.431808,-999.0,2.628276,10.806086860184076
79,181,13.52415,-28.3666,20.62,0.29389,13.5295985779066,-28.3596835802807,-999.0,21.89519,-999.0,0.4236734,-999.0,6.33757,-999.0,2.472431,30.29653802078833
80,182,13.55471,-28.39884,20.21,0.44675,13.5606626211798,-28.394489573664,20.01939,19.91241,0.1953644,0.1269312,35.66522,39.3583,6.415944,4.600179,24.508010975377807
81,183,13.56937,-28.41292,22.37,0.43523,13.560671257771,-28.4167477725333,-999.0,21.70048,-999.0,0.3570176,-999.0,7.582391,-999.0,2.492676,30.79758321843145
82,184,13.56618,-28.39295,0.0,0.07428,13.5606626211798,-28.394489573664,20.01939,19.91241,0.1953644,0.1269312,35.66522,39.3583,6.415944,4.600179,18.331081180737954
83,185,13.54026,-28.35512,20.8,0.20313,13.5295985779066,-28.3596835802807,-999.0,21.89519,-999.0,0.4236734,-999.0,6.33757,-999.0,2.472431,37.559154454386196
84,186,13.57899,-28.39945,20.89,0.60118,13.5697182100281,-28.4020923476443,-999.0,22.36525,-999.0,0.5144485,-999.0,4.110538,-999.0,1.947201,30.863573266396717
85,187,13.56912,-28.37923,22.24,0.51405,13.5764533845611,-28.3896380111013,-999.0,22.16373,-999.0,0.4310407,-999.0,4.948873,-999.0,1.964241,44.083724278766184
86,188,13.49494,-28.41673,21.11,0.36317,13.4926732305517,-28.4147754527793,-999.0,22.30887,-999.0,0.4557257,-999.0,4.329625,-999.0,1.81687,10.050998239182684
87,189,13.47585,-28.39828,20.78,0.29694,13.4706769400791,-28.3908393581283,-999.0,22.04547,-999.0,0.4404276,-999.0,5.51839,-999.0,2.237984,31.398955269029557
88,191,13.48065,-28.41647,21.62,0.63716,13.4832181005554,-28.4138619235707,-999.0,22.41085,-999.0,0.4801437,-999.0,3.94149,-999.0,1.742617,12.420678282918105
89,192,13.47015,-28.4109,20.5,0.4075,13.4648079779311,-28.4052207938936,-999.0,22.57185,-999.0,0.5824109,-999.0,3.398274,-999.0,1.822461,26.535585787545823
90,193,13.46413,-28.41636,21.25,0.2941,13.470074724243,-28.4199377095691,-999.0,22.21463,-999.0,0.4734981,-999.0,4.722255,-999.0,2.058912,22.80703929560126
91,194,13.45989,-28.42263,23.21,0.532,13.470074724243,-28.4199377095691,-999.0,22.21463,-999.0,0.4734981,-999.0,4.722255,-999.0,2.058912,33.67096506837828
92,196,13.45574,-28.4267,23.17,0.6482,13.45150827943,-28.4324692158982,-999.0,22.48139,-999.0,0.5182489,-999.0,3.693558,-999.0,1.762599,24.71514048418089
93,197,13.48752,-28.36655,21.84,0.46922,13.4882921962302,-28.3740332823152,-999.0,22.62969,-999.0,0.5434973,-999.0,3.221977,-999.0,1.612464,27.050633026525055
94,198,13.5145,-28.36144,21.55,0.44658,13.5041282432428,-28.3556554655055,-999.0,22.31343,-999.0,0.5875947,-999.0,4.311502,-999.0,2.332795,38.90069485488977
95,204,13.46638,-28.38775,21.26,0.44855,13.4706769400791,-28.3908393581283,-999.0,22.04547,-999.0,0.4404276,-999.0,5.51839,-999.0,2.237984,17.575186321408367
96,205,13.469,-28.39166,21.86,0.68833,13.4706769400791,-28.3908393581283,-999.0,22.04547,-999.0,0.4404276,-999.0,5.51839,-999.0,2.237984,6.077270639494398
97,210,13.51326,-28.4002,19.3,0.29316,13.5244293521325,-28.4151000169588,-999.0,22.17334,-999.0,0.4727733,-999.0,4.905293,-999.0,2.135443,64.2505956251203
98,214,13.5485,-28.42296,19.8,0.29266,13.5484394195987,-28.4224141830716,-999.0,22.06264,-999.0,0.5254802,-999.0,5.431808,-999.0,2.628276,1.9742797478453569
99,218,13.54348,-28.4349,21.27,0.438,13.5426368011134,-28.4355063238924,-999.0,21.88143,-999.0,0.3986853,-999.0,6.418395,-999.0,2.35628,3.4481340711994752
100,221,13.49794,-28.46295,21.71,0.50376,13.4939062547521,-28.4728670083685,-999.0,22.47713,-999.0,0.5523269,-999.0,3.708066,-999.0,1.885879,37.91488552986056
101,222,13.48176,-28.46846,19.36,0.29452,13.4781186764135,-28.4696685392207,-999.0,21.89722,-999.0,0.386736,-999.0,6.325748,-999.0,2.252665,12.317544496728253
102,223,13.51633,-28.46253,20.5,0.56082,13.5313961839367,-28.4685462592281,-999.0,22.86831,-999.0,0.6207797,-999.0,2.586285,-999.0,1.478373,52.369614754348966
103,226,13.5321,-28.46517,22.4,1.00453,13.5313961839367,-28.4685462592281,-999.0,22.86831,-999.0,0.6207797,-999.0,2.586285,-999.0,1.478373,12.356939305420278
104,227,13.53192,-28.46594,22.47,1.00404,13.5313961839367,-28.4685462592281,-999.0,22.86831,-999.0,0.6207797,-999.0,2.586285,-999.0,1.478373,9.527854311395922
105,231,13.5093,-28.37683,19.65,0.29279,13.4882921962302,-28.3740332823152,-999.0,22.62969,-999.0,0.5434973,-999.0,3.221977,-999.0,1.612464,67.29894398421725
106,233,13.50526,-28.39335,20.91,0.63909,13.4935822379434,-28.4046865275831,-999.0,21.51079,-999.0,0.3604291,-999.0,9.029878,-999.0,2.996898,55.074059503248684
107,234,13.55956,-28.41889,19.51,0.46605,13.560671257771,-28.4167477725333,-999.0,21.70048,-999.0,0.3570176,-999.0,7.582391,-999.0,2.492676,8.476723650617666
108,235,13.49913,-28.4367,21.0,0.29384,13.4933034811481,-28.4314357178112,-999.0,20.68165,-999.0,0.1951676,-999.0,19.37938,-999.0,3.482715,26.4457570818666
109,236,13.56045,-28.42594,21.68,0.32076,13.5602491423087,-28.4277585921039,-999.0,22.18254,-999.0,0.4448439,-999.0,4.863866,-999.0,1.992322,6.577741569886358
110,237,13.56496,-28.42859,21.54,0.4364,13.5602491423087,-28.4277585921039,-999.0,22.18254,-999.0,0.4448439,-999.0,4.863866,-999.0,1.992322,15.211440265789534
111,238,13.50912,-28.44559,21.65,0.29179,13.4930474484958,-28.4486737339632,-999.0,22.49389,-999.0,0.4384741,-999.0,3.651285,-999.0,1.474212,52.07199585901993
112,240,13.55788,-28.44131,21.96,0.39638,13.5501596525058,-28.4500201579951,21.88131,-999.0,0.5069563,-999.0,6.419154,-999.0,2.996529,-999.0,39.75472338465313
113,242,13.53138,-28.45612,18.83,0.07474,13.5314230771042,-28.4560117831223,20.42286,21.14517,0.2524262,0.2552243,24.59552,12.64537,5.7169,2.971828,0.41274953702874534
114,243,13.5569,-28.4516,21.71,0.60239,13.5501596525058,-28.4500201579951,21.88131,-999.0,0.5069563,-999.0,6.419154,-999.0,2.996529,-999.0,22.079723194388777
115,244,13.4975,-28.36183,23.07,0.44853,13.5041282432428,-28.3556554655055,-999.0,22.31343,-999.0,0.5875947,-999.0,4.311502,-999.0,2.332795,30.57804345471143
116,245,13.46711,-28.37125,23.37,0.58548,13.4622757582966,-28.3671972285535,-999.0,22.75472,-999.0,0.7056196,-999.0,2.871513,-999.0,1.865742,21.150926801570908
117,246,13.50533,-28.36714,21.94,0.68943,13.5041282432428,-28.3556554655055,-999.0,22.31343,-999.0,0.5875947,-999.0,4.311502,-999.0,2.332795,41.51923196667045
118,248,13.51192,-28.3685,22.15,0.95751,13.5041282432428,-28.3556554655055,-999.0,22.31343,-999.0,0.5875947,-999.0,4.311502,-999.0,2.332795,52.41593779603513
119,249,13.50411,-28.37266,23.22,0.07588,13.4882921962302,-28.3740332823152,-999.0,22.62969,-999.0,0.5434973,-999.0,3.221977,-999.0,1.612464,50.34670241223864
120,250,13.51829,-28.3818,22.77,0.63175,13.5380543173577,-28.3834546228873,21.63759,-999.0,0.4605617,-999.0,8.034657,-999.0,3.407417,-999.0,62.88137783506606
121,252,13.50599,-28.39657,21.81,0.29656,13.4935822379434,-28.4046865275831,-999.0,21.51079,-999.0,0.3604291,-999.0,9.029878,-999.0,2.996898,48.965593760283355
122,253,13.51902,-28.41399,23.29,0.7209,13.5244293521325,-28.4151000169588,-999.0,22.17334,-999.0,0.4727733,-999.0,4.905293,-999.0,2.135443,17.587617437305934
123,258,13.51469,-28.43876,22.68,0.62766,13.5166776195867,-28.4277837782872,-999.0,22.1071,-999.0,0.4388371,-999.0,5.213875,-999.0,2.106852,40.01225482578852
124,259,13.51884,-28.43975,22.15,0.46659,13.5166776195867,-28.4277837782872,-999.0,22.1071,-999.0,0.4388371,-999.0,5.213875,-999.0,2.106852,43.618909757866675
125,260,13.51171,-28.44719,22.9,0.83528,13.4930474484958,-28.4486737339632,-999.0,22.49389,-999.0,0.4384741,-999.0,3.651285,-999.0,1.474212,59.31359867661075
126,261,13.51555,-28.44869,22.81,0.62748,13.5314230771042,-28.4560117831223,20.42286,21.14517,0.2524262,0.2552243,24.59552,12.64537,5.7169,2.971828,56.73554079615184
127,262,13.48586,-28.46612,22.87,0.50304,13.4781186764135,-28.4696685392207,-999.0,21.89722,-999.0,0.386736,-999.0,6.325748,-999.0,2.252665,27.629599591281544
128,264,13.53387,-28.45892,22.88,0.43551,13.5314230771042,-28.4560117831223,20.42286,21.14517,0.2524262,0.2552243,24.59552,12.64537,5.7169,2.971828,13.022679272876625
129,265,13.51118,-28.46608,22.82,1.30353,13.4939062547521,-28.4728670083685,-999.0,22.47713,-999.0,0.5523269,-999.0,3.708066,-999.0,1.885879,59.87734209423004
130,266,13.55328,-28.45736,22.94,0.68301,13.5501596525058,-28.4500201579951,21.88131,-999.0,0.5069563,-999.0,6.419154,-999.0,2.996529,-999.0,28.208847260327566
131,267,13.53093,-28.46591,22.67,0.96102,13.5313961839367,-28.4685462592281,-999.0,22.86831,-999.0,0.6207797,-999.0,2.586285,-999.0,1.478373,9.604522825838798
132,268,13.52309,-28.46982,22.43,1.02295,13.5313961839367,-28.4685462592281,-999.0,22.86831,-999.0,0.6207797,-999.0,2.586285,-999.0,1.478373,26.683244787096772
133,271,13.56425,-28.46469,22.36,0.8201,13.5711600406538,-28.4573904192367,19.28162,19.44636,0.1492494,0.1154326,70.36466,60.45802,9.670242,6.426176,34.18831137728976
134,274,13.54779,-28.37007,0.0,0.18345,13.5449151684792,-28.3782743142547,19.75352,19.20278,0.174327,0.09215275,45.5611,75.66402,7.313566,6.420486,30.9074053533724
135,275,13.55553,-28.3848,22.62,0.98627,13.5526649541632,-28.3779403592448,-999.0,21.61093,-999.0,0.3272505,-999.0,8.234288,-999.0,2.481284,26.30919825537404
136,276,13.55045,-28.3833,23.25,0.8284,13.5526649541632,-28.3779403592448,-999.0,21.61093,-999.0,0.3272505,-999.0,8.234288,-999.0,2.481284,20.53052156285322
137,277,13.56435,-28.40551,0.0,0.82612,13.5697182100281,-28.4020923476443,-999.0,22.36525,-999.0,0.5144485,-999.0,4.110538,-999.0,1.947201,20.984429892048503
138,278,13.56471,-28.40548,21.88,0.8248,13.5697182100281,-28.4020923476443,-999.0,22.36525,-999.0,0.5144485,-999.0,4.110538,-999.0,1.947201,20.006065692958515
139,279,13.55561,-28.39893,22.02,0.71882,13.5606626211798,-28.394489573664,20.01939,19.91241,0.1953644,0.1269312,35.66522,39.3583,6.415944,4.600179,22.617762770611105
140,280,13.55951,-28.40734,22.76,0.49138,13.560671257771,-28.4167477725333,-999.0,21.70048,-999.0,0.3570176,-999.0,7.582391,-999.0,2.492676,34.06699734407302
141,281,13.54861,-28.4008,22.93,0.28908,13.5404722735861,-28.3982863819147,-999.0,21.32662,-999.0,0.315424,-999.0,10.69922,-999.0,3.107543,27.312718852268443
142,282,13.55068,-28.40457,22.81,1.0997,13.5404722735861,-28.3982863819147,-999.0,21.32662,-999.0,0.315424,-999.0,10.69922,-999.0,3.107543,39.45375491607441
143,283,13.53389,-28.39621,22.31,0.63182,13.5404722735861,-28.3982863819147,-999.0,21.32662,-999.0,0.315424,-999.0,10.69922,-999.0,3.107543,22.144599625169388
144,287,13.52054,-28.40257,23.91,0.98032,13.5244293521325,-28.4151000169588,-999.0,22.17334,-999.0,0.4727733,-999.0,4.905293,-999.0,2.135443,46.759054761349965
145,288,13.5192,-28.40365,0.0,0.68969,13.5244293521325,-28.4151000169588,-999.0,22.17334,-999.0,0.4727733,-999.0,4.905293,-999.0,2.135443,44.42158895672352
146,291,13.51606,-28.43211,23.47,1.00245,13.5166776195867,-28.4277837782872,-999.0,22.1071,-999.0,0.4388371,-999.0,5.213875,-999.0,2.106852,15.69665619205061
147,292,13.50005,-28.41411,23.42,0.99989,13.4926732305517,-28.4147754527793,-999.0,22.30887,-999.0,0.4557257,-999.0,4.329625,-999.0,1.81687,23.47962135096554
148,294,13.46225,-28.3846,22.74,0.43689,13.4668126381701,-28.381504035936,-999.0,22.77099,-999.0,0.5976278,-999.0,2.828804,-999.0,1.556696,18.24971812018222
149,295,13.47064,-28.40457,22.34,0.76363,13.4648079779311,-28.4052207938936,-999.0,22.57185,-999.0,0.5824109,-999.0,3.398274,-999.0,1.822461,18.615632217946242
150,296,13.48109,-28.41952,22.46,0.82181,13.4818210446417,-28.4210228252194,-999.0,22.85416,-999.0,0.7259424,-999.0,2.620209,-999.0,1.751493,5.884491115767768
151,297,13.46064,-28.3981,22.87,0.82223,13.4648079779311,-28.4052207938936,-999.0,22.57185,-999.0,0.5824109,-999.0,3.398274,-999.0,1.822461,28.833157054688826
152,298,13.45826,-28.39708,22.85,0.64548,13.4648079779311,-28.4052207938936,-999.0,22.57185,-999.0,0.5824109,-999.0,3.398274,-999.0,1.822461,35.90058855229474
153,301,13.46842,-28.42165,23.21,0.82204,13.470074724243,-28.4199377095691,-999.0,22.21463,-999.0,0.4734981,-999.0,4.722255,-999.0,2.058912,8.089839850060585
154,302,13.47483,-28.43514,23.32,0.96868,13.4786502975782,-28.4280997667502,-999.0,21.70958,-999.0,0.3412842,-999.0,7.519138,-999.0,2.36295,28.082591923169847
155,303,13.47605,-28.44647,23.57,0.6937,13.4861636626864,-28.4551649806696,-999.0,22.35133,-999.0,0.5346645,-999.0,4.163598,-999.0,2.049842,44.772465232516545
156,304,13.54897,-28.42511,0.0,-0.0002,13.5484394195987,-28.4224141830716,-999.0,22.06264,-999.0,0.5254802,-999.0,5.431808,-999.0,2.628276,9.849249175619281
157,305,13.49828,-28.44296,22.78,0.42898,13.4930474484958,-28.4486737339632,-999.0,22.49389,-999.0,0.4384741,-999.0,3.651285,-999.0,1.474212,26.408951542869126
158,306,13.49233,-28.44914,21.67,0.84358,13.4930474484958,-28.4486737339632,-999.0,22.49389,-999.0,0.4384741,-999.0,3.651285,-999.0,1.474212,2.8239391934749056
159,307,13.54239,-28.43648,22.34,0.2922,13.5426368011134,-28.4355063238924,-999.0,21.88143,-999.0,0.3986853,-999.0,6.418395,-999.0,2.35628,3.591249970689601
160,308,13.54824,-28.43737,22.23,0.77452,13.5426368011134,-28.4355063238924,-999.0,21.88143,-999.0,0.3986853,-999.0,6.418395,-999.0,2.35628,18.96420963188535
161,309,13.5121,-28.45078,22.4,0.63843,13.4930474484958,-28.4486737339632,-999.0,22.49389,-999.0,0.4384741,-999.0,3.651285,-999.0,1.474212,60.78086886676957
162,313,13.51541,-28.46216,22.43,0.55905,13.5314230771042,-28.4560117831223,20.42286,21.14517,0.2524262,0.2552243,24.59552,12.64537,5.7169,2.971828,55.30321624307651
163,315,13.49381,-28.47166,21.52,0.43526,13.4939062547521,-28.4728670083685,-999.0,22.47713,-999.0,0.5523269,-999.0,3.708066,-999.0,1.885879,4.355893612419626
164,317,13.5485,-28.46065,22.52,0.82372,13.5501596525058,-28.4500201579951,21.88131,-999.0,0.5069563,-999.0,6.419154,-999.0,2.996529,-999.0,38.626281102355826
165,318,13.55532,-28.46298,22.49,0.68151,13.5501596525058,-28.4500201579951,21.88131,-999.0,0.5069563,-999.0,6.419154,-999.0,2.996529,-999.0,49.431643419550056
166,319,13.52622,-28.47446,22.78,0.43446,13.5288634718256,-28.4815045368373,-999.0,22.06759,-999.0,0.4295586,-999.0,5.407095,-999.0,2.138733,26.704302989799498
167,321,13.47218,-28.38214,22.34,0.29288,13.4668126381701,-28.381504035936,-999.0,22.77099,-999.0,0.5976278,-999.0,2.828804,-999.0,1.556696,17.153401534843198
168,322,13.49444,-28.38793,22.73,0.2935,13.4882921962302,-28.3740332823152,-999.0,22.62969,-999.0,0.5434973,-999.0,3.221977,-999.0,1.612464,53.68404128475427
169,323,13.6721,-28.35075,22.51,0.47625,13.6037837909162,-28.3666998071794,22.02232,21.27307,0.5074556,0.3573066,5.637349,11.24014,2.634166,3.698138,223.91096408264312
170,324,13.70106,-28.35907,21.73,0.67462,13.6037837909162,-28.3666998071794,22.02232,21.27307,0.5074556,0.3573066,5.637349,11.24014,2.634166,3.698138,309.3775042914964
171,325,13.68849,-28.3607,20.04,0.27305,13.6037837909162,-28.3666998071794,22.02232,21.27307,0.5074556,0.3573066,5.637349,11.24014,2.634166,3.698138,269.2018405236774
172,326,13.65925,-28.36345,21.58,0.23782,13.6037837909162,-28.3666998071794,22.02232,21.27307,0.5074556,0.3573066,5.637349,11.24014,2.634166,3.698138,176.0937034074674
173,327,13.68553,-28.36552,22.19,0.72289,13.6037837909162,-28.3666998071794,22.02232,21.27307,0.5074556,0.3573066,5.637349,11.24014,2.634166,3.698138,258.986140827442
174,328,13.63425,-28.36858,21.99,0.2897,13.6037837909162,-28.3666998071794,22.02232,21.27307,0.5074556,0.3573066,5.637349,11.24014,2.634166,3.698138,96.74492749621716
175,329,13.62035,-28.37125,23.01,0.43,13.6037837909162,-28.3666998071794,22.02232,21.27307,0.5074556,0.3573066,5.637349,11.24014,2.634166,3.698138,54.9733826278561
176,331,13.65331,-28.38267,21.27,0.40777,13.6037837909162,-28.3666998071794,22.02232,21.27307,0.5074556,0.3573066,5.637349,11.24014,2.634166,3.698138,167.0772466204937
177,332,13.61999,-28.38764,20.83,0.56238,13.5972151912932,-28.386749195014,-999.0,22.59516,-999.0,0.5067923,-999.0,3.326096,-999.0,1.552154,72.20174791215942
178,333,13.62463,-28.39138,21.16,0.27287,13.5972151912932,-28.386749195014,-999.0,22.59516,-999.0,0.5067923,-999.0,3.326096,-999.0,1.552154,88.41036786930388
179,334,13.6476,-28.39347,21.54,0.51703,13.5972151912932,-28.386749195014,-999.0,22.59516,-999.0,0.5067923,-999.0,3.326096,-999.0,1.552154,161.39407604781124
180,335,13.68894,-28.39788,20.77,0.58321,13.6037837909162,-28.3666998071794,22.02232,21.27307,0.5074556,0.3573066,5.637349,11.24014,2.634166,3.698138,292.1376896683133
181,336,13.68966,-28.40089,22.12,0.53926,13.5972151912932,-28.386749195014,-999.0,22.59516,-999.0,0.5067923,-999.0,3.326096,-999.0,1.552154,297.15822594208106
182,337,13.67589,-28.40264,20.94,0.58288,13.5972151912932,-28.386749195014,-999.0,22.59516,-999.0,0.5067923,-999.0,3.326096,-999.0,1.552154,255.63784307069483
183,338,13.69517,-28.40534,21.69,0.58162,13.5972151912932,-28.386749195014,-999.0,22.59516,-999.0,0.5067923,-999.0,3.326096,-999.0,1.552154,317.3460372288715
184,339,13.67653,-28.40619,21.79,0.58367,13.5972151912932,-28.386749195014,-999.0,22.59516,-999.0,0.5067923,-999.0,3.326096,-999.0,1.552154,260.7455028876667
185,340,13.69514,-28.41351,20.67,0.36274,13.6023189744873,-28.4432090689629,-999.0,21.15274,-999.0,0.2871154,-999.0,12.55755,-999.0,3.31995,312.7065327813773
186,341,13.68472,-28.41552,21.86,0.58636,13.6023189744873,-28.4432090689629,-999.0,21.15274,-999.0,0.2871154,-999.0,12.55755,-999.0,3.31995,279.2656586704446
187,343,13.69146,-28.41983,21.69,0.58715,13.6023189744873,-28.4432090689629,-999.0,21.15274,-999.0,0.2871154,-999.0,12.55755,-999.0,3.31995,294.48538599829476
188,344,13.65692,-28.42336,22.75,0.51819,13.6023189744873,-28.4432090689629,-999.0,21.15274,-999.0,0.2871154,-999.0,12.55755,-999.0,3.31995,187.0403259309345
189,345,13.64935,-28.42739,22.65,0.56301,13.6023189744873,-28.4432090689629,-999.0,21.15274,-999.0,0.2871154,-999.0,12.55755,-999.0,3.31995,159.40493995488768
190,346,13.61543,-28.42873,21.44,3.86968,13.6023189744873,-28.4432090689629,-999.0,21.15274,-999.0,0.2871154,-999.0,12.55755,-999.0,3.31995,66.63067824890881
191,348,13.62145,-28.43262,22.36,0.79,13.6023189744873,-28.4432090689629,-999.0,21.15274,-999.0,0.2871154,-999.0,12.55755,-999.0,3.31995,71.56006028048434
192,349,13.61574,-28.4352,20.33,0.48309,13.6023189744873,-28.4432090689629,-999.0,21.15274,-999.0,0.2871154,-999.0,12.55755,-999.0,3.31995,51.34496006295087
193,350,13.67487,-28.4372,21.21,0.41731,13.6023189744873,-28.4432090689629,-999.0,21.15274,-999.0,0.2871154,-999.0,12.55755,-999.0,3.31995,230.67920632499073
194,351,13.67146,-28.43893,20.73,0.58218,13.6023189744873,-28.4432090689629,-999.0,21.15274,-999.0,0.2871154,-999.0,12.55755,-999.0,3.31995,219.4078263983498
195,352,13.63894,-28.44222,21.62,0.8084,13.6023189744873,-28.4432090689629,-999.0,21.15274,-999.0,0.2871154,-999.0,12.55755,-999.0,3.31995,115.97697013577843
196,353,13.63956,-28.44435,21.58,0.78863,13.6023189744873,-28.4432090689629,-999.0,21.15274,-999.0,0.2871154,-999.0,12.55755,-999.0,3.31995,117.95522892179343
197,354,13.67234,-28.44813,22.76,1.09584,13.6023189744873,-28.4432090689629,-999.0,21.15274,-999.0,0.2871154,-999.0,12.55755,-999.0,3.31995,222.34922987684251
198,355,13.63982,-28.45039,0.0,0.694,13.6023189744873,-28.4432090689629,-999.0,21.15274,-999.0,0.2871154,-999.0,12.55755,-999.0,3.31995,121.48567725157707
199,357,13.62898,-28.45427,21.55,0.7352,13.6023189744873,-28.4432090689629,-999.0,21.15274,-999.0,0.2871154,-999.0,12.55755,-999.0,3.31995,93.31224127811784
200,358,13.64871,-28.45751,21.31,0.58469,13.6023189744873,-28.4432090689629,-999.0,21.15274,-999.0,0.2871154,-999.0,12.55755,-999.0,3.31995,155.60203493796473
201,359,13.60613,-28.45933,21.13,0.44446,13.6023189744873,-28.4432090689629,-999.0,21.15274,-999.0,0.2871154,-999.0,12.55755,-999.0,3.31995,59.27571086134863
202,360,13.66829,-28.46147,20.69,0.48472,13.6023189744873,-28.4432090689629,-999.0,21.15274,-999.0,0.2871154,-999.0,12.55755,-999.0,3.31995,218.91335291783975
203,361,13.66825,-28.54524,21.6,0.63443,13.5788067786096,-28.4679989559156,-999.0,22.06491,-999.0,0.4042951,-999.0,5.420435,-999.0,2.017915,396.7197903686339
204,362,13.65093,-28.5516,21.56,0.63359,13.565122308223,-28.4788086311883,-999.0,22.02813,-999.0,0.6171795,-999.0,5.60721,-999.0,3.186607,377.2879082402365
205,363,13.6495,-28.54766,20.09,0.20285,13.5788067786096,-28.4679989559156,-999.0,22.06491,-999.0,0.4042951,-999.0,5.420435,-999.0,2.017915,363.67126280160545
206,364,13.6515,-28.54286,21.62,0.64323,13.5788067786096,-28.4679989559156,-999.0,22.06491,-999.0,0.4042951,-999.0,5.420435,-999.0,2.017915,354.2832808189232
207,365,13.65889,-28.53384,21.76,0.29039,13.5788067786096,-28.4679989559156,-999.0,22.06491,-999.0,0.4042951,-999.0,5.420435,-999.0,2.017915,346.94904662429275
208,366,13.66835,-28.52221,21.87,0.26579,13.5788067786096,-28.4679989559156,-999.0,22.06491,-999.0,0.4042951,-999.0,5.420435,-999.0,2.017915,344.01875152460923
209,367,13.66669,-28.52184,21.29,0.47194,13.5788067786096,-28.4679989559156,-999.0,22.06491,-999.0,0.4042951,-999.0,5.420435,-999.0,2.017915,338.9435968027624
210,368,13.63122,-28.54706,20.84,0.41896,13.565122308223,-28.4788086311883,-999.0,22.02813,-999.0,0.6171795,-999.0,5.60721,-999.0,3.186607,322.62933528328784
211,369,13.63776,-28.53873,21.52,0.65654,13.565122308223,-28.4788086311883,-999.0,22.02813,-999.0,0.6171795,-999.0,5.60721,-999.0,3.186607,315.1764737254644
212,370,13.69033,-28.48981,22.09,0.2252,13.6023189744873,-28.4432090689629,-999.0,21.15274,-999.0,0.2871154,-999.0,12.55755,-999.0,3.31995,325.1536015897023
213,371,13.65487,-28.51759,21.54,0.76382,13.5788067786096,-28.4679989559156,-999.0,22.06491,-999.0,0.4042951,-999.0,5.420435,-999.0,2.017915,299.6494224566744
214,372,13.63064,-28.53653,21.1,0.52288,13.565122308223,-28.4788086311883,-999.0,22.02813,-999.0,0.6171795,-999.0,5.60721,-999.0,3.186607,293.494023954771
215,373,13.63758,-28.52599,20.5,0.29439,13.5788067786096,-28.4679989559156,-999.0,22.06491,-999.0,0.4042951,-999.0,5.420435,-999.0,2.017915,279.57261270911255
216,374,13.63275,-28.52499,20.47,0.36442,13.5788067786096,-28.4679989559156,-999.0,22.06491,-999.0,0.4042951,-999.0,5.420435,-999.0,2.017915,266.87337579391976
217,375,13.63433,-28.51802,20.07,0.32377,13.5788067786096,-28.4679989559156,-999.0,22.06491,-999.0,0.4042951,-999.0,5.420435,-999.0,2.017915,251.57144821077995
218,376,13.62988,-28.51775,19.4,0.32407,13.5788067786096,-28.4679989559156,-999.0,22.06491,-999.0,0.4042951,-999.0,5.420435,-999.0,2.017915,241.2272267798351
219,377,13.62739,-28.5179,22.09,0.24777,13.5788067786096,-28.4679989559156,-999.0,22.06491,-999.0,0.4042951,-999.0,5.420435,-999.0,2.017915,236.4322027445851
220,378,13.62395,-28.51627,20.37,0.32478,13.5788067786096,-28.4679989559156,-999.0,22.06491,-999.0,0.4042951,-999.0,5.420435,-999.0,2.017915,224.94228076083752
221,379,13.62918,-28.51061,20.42,0.32463,13.5788067786096,-28.4679989559156,-999.0,22.06491,-999.0,0.4042951,-999.0,5.420435,-999.0,2.017915,221.2119907038029
222,380,13.63134,-28.50576,22.5,0.32245,13.5788067786096,-28.4679989559156,-999.0,22.06491,-999.0,0.4042951,-999.0,5.420435,-999.0,2.017915,214.73107585524252
223,381,13.60605,-28.52516,20.36,0.29481,13.565122308223,-28.4788086311883,-999.0,22.02813,-999.0,0.6171795,-999.0,5.60721,-999.0,3.186607,211.20971565285686
224,382,13.6022,-28.52676,20.86,0.35439,13.565122308223,-28.4788086311883,-999.0,22.02813,-999.0,0.6171795,-999.0,5.60721,-999.0,3.186607,208.70774230991904
225,383,13.60933,-28.51596,20.47,0.48497,13.565122308223,-28.4788086311883,-999.0,22.02813,-999.0,0.6171795,-999.0,5.60721,-999.0,3.186607,193.51995469587501
226,384,13.61691,-28.5032,19.87,0.16191,13.5788067786096,-28.4679989559156,-999.0,22.06491,-999.0,0.4042951,-999.0,5.420435,-999.0,2.017915,174.9139101285722
227,385,13.65023,-28.46424,21.47,0.22225,13.6023189744873,-28.4432090689629,-999.0,21.15274,-999.0,0.2871154,-999.0,12.55755,-999.0,3.31995,169.4941598148361
228,386,13.6146,-28.49179,20.83,0.63155,13.5788067786096,-28.4679989559156,-999.0,22.06491,-999.0,0.4042951,-999.0,5.420435,-999.0,2.017915,141.99941941685316
229,387,13.64054,-28.46539,20.87,0.58446,13.6023189744873,-28.4432090689629,-999.0,21.15274,-999.0,0.2871154,-999.0,12.55755,-999.0,3.31995,144.9513466630191
230,388,13.62084,-28.47944,19.92,0.41494,13.5788067786096,-28.4679989559156,-999.0,22.06491,-999.0,0.4042951,-999.0,5.420435,-999.0,2.017915,139.24624246352752
231,389,13.6155,-28.47894,21.48,0.49121,13.5788067786096,-28.4679989559156,-999.0,22.06491,-999.0,0.4042951,-999.0,5.420435,-999.0,2.017915,122.61551053277715
232,390,13.62847,-28.46398,21.17,0.58392,13.6023189744873,-28.4432090689629,-999.0,21.15274,-999.0,0.2871154,-999.0,12.55755,-999.0,3.31995,111.54579738651104
233,391,13.62677,-28.46184,21.09,0.44763,13.6023189744873,-28.4432090689629,-999.0,21.15274,-999.0,0.2871154,-999.0,12.55755,-999.0,3.31995,102.41098949621254
234,392,13.57775,-28.50175,20.74,0.29331,13.565122308223,-28.4788086311883,-999.0,22.02813,-999.0,0.6171795,-999.0,5.60721,-999.0,3.186607,91.7457775063012
235,393,13.62908,-28.45436,0.0,0.73527,13.6023189744873,-28.4432090689629,-999.0,21.15274,-999.0,0.2871154,-999.0,12.55755,-999.0,3.31995,93.73686374138943
236,394,13.6391,-28.44239,0.0,0.80898,13.6023189744873,-28.4432090689629,-999.0,21.15274,-999.0,0.2871154,-999.0,12.55755,-999.0,3.31995,116.46601098721653
237,395,13.57914,-28.49002,22.08,0.80238,13.565122308223,-28.4788086311883,-999.0,22.02813,-999.0,0.6171795,-999.0,5.60721,-999.0,3.186607,59.96967485417208
238,396,13.57502,-28.49118,22.43,0.80188,13.565122308223,-28.4788086311883,-999.0,22.02813,-999.0,0.6171795,-999.0,5.60721,-999.0,3.186607,54.446000865775055
239,397,13.57247,-28.49085,22.35,0.47682,13.565122308223,-28.4788086311883,-999.0,22.02813,-999.0,0.6171795,-999.0,5.60721,-999.0,3.186607,49.19014747606016
240,398,13.57055,-28.48976,20.49,0.2937,13.565122308223,-28.4788086311883,-999.0,22.02813,-999.0,0.6171795,-999.0,5.60721,-999.0,3.186607,43.003301543696885
241,399,13.58484,-28.47373,20.63,0.33646,13.5788067786096,-28.4679989559156,-999.0,22.06491,-999.0,0.4042951,-999.0,5.420435,-999.0,2.017915,28.110590256430427
242,400,13.58792,-28.46857,22.74,0.33705,13.5788067786096,-28.4679989559156,-999.0,22.06491,-999.0,0.4042951,-999.0,5.420435,-999.0,2.017915,28.9137132005094
243,401,13.57823,-28.47382,20.74,0.43365,13.5788067786096,-28.4679989559156,-999.0,22.06491,-999.0,0.4042951,-999.0,5.420435,-999.0,2.017915,21.035101013225542
244,402,13.56331,-28.48461,19.89,0.47781,13.565122308223,-28.4788086311883,-999.0,22.02813,-999.0,0.6171795,-999.0,5.60721,-999.0,3.186607,21.65794607337131
245,403,13.56234,-28.48401,21.76,0.29633,13.565122308223,-28.4788086311883,-999.0,22.02813,-999.0,0.6171795,-999.0,5.60721,-999.0,3.186607,20.691406310087203
246,404,13.58909,-28.45683,20.83,0.28988,13.574877214948,-28.4523420095025,-999.0,21.86881,-999.0,0.5218047,-999.0,6.493441,-999.0,3.119989,47.7983660990164
247,405,13.57358,-28.46862,21.05,0.60207,13.5788067786096,-28.4679989559156,-999.0,22.06491,-999.0,0.4042951,-999.0,5.420435,-999.0,2.017915,16.69155304883549
248,406,13.57467,-28.4643,20.96,0.25175,13.5788067786096,-28.4679989559156,-999.0,22.06491,-999.0,0.4042951,-999.0,5.420435,-999.0,2.017915,18.674045785287536
249,407,13.69745,-28.50535,20.85,0.64297,13.6023189744873,-28.4432090689629,-999.0,21.15274,-999.0,0.2871154,-999.0,12.55755,-999.0,3.31995,375.0627047917282
250,408,13.63629,-28.55647,21.65,0.55693,13.565122308223,-28.4788086311883,-999.0,22.02813,-999.0,0.6171795,-999.0,5.60721,-999.0,3.186607,358.9482362108879
251,409,13.67847,-28.51722,20.65,0.1837,13.6023189744873,-28.4432090689629,-999.0,21.15274,-999.0,0.2871154,-999.0,12.55755,-999.0,3.31995,359.242484498886
252,410,13.62557,-28.55801,22.02,0.64258,13.565122308223,-28.4788086311883,-999.0,22.02813,-999.0,0.6171795,-999.0,5.60721,-999.0,3.186607,343.3023778029121
253,411,13.64794,-28.53437,20.87,0.50546,13.5788067786096,-28.4679989559156,-999.0,22.06491,-999.0,0.4042951,-999.0,5.420435,-999.0,2.017915,323.92513986077813
254,412,13.62704,-28.54812,20.67,0.4195,13.565122308223,-28.4788086311883,-999.0,22.02813,-999.0,0.6171795,-999.0,5.60721,-999.0,3.186607,317.21349280022156
255,413,13.63005,-28.54403,21.29,0.41938,13.565122308223,-28.4788086311883,-999.0,22.02813,-999.0,0.6171795,-999.0,5.60721,-999.0,3.186607,311.95439794042954
256,414,13.65126,-28.51954,21.31,0.90673,13.5788067786096,-28.4679989559156,-999.0,22.06491,-999.0,0.4042951,-999.0,5.420435,-999.0,2.017915,294.9194374813356
257,415,13.62199,-28.53687,20.19,0.07902,13.565122308223,-28.4788086311883,-999.0,22.02813,-999.0,0.6171795,-999.0,5.60721,-999.0,3.186607,275.7793060287666
258,416,13.61913,-28.53651,21.19,0.72724,13.565122308223,-28.4788086311883,-999.0,22.02813,-999.0,0.6171795,-999.0,5.60721,-999.0,3.186607,268.96230642104655
259,417,13.61763,-28.52796,19.28,0.36298,13.565122308223,-28.4788086311883,-999.0,22.02813,-999.0,0.6171795,-999.0,5.60721,-999.0,3.186607,242.7011405037467
260,418,13.60387,-28.53545,20.68,0.2941,13.565122308223,-28.4788086311883,-999.0,22.02813,-999.0,0.6171795,-999.0,5.60721,-999.0,3.186607,237.91712437316042
261,419,13.66485,-28.4793,21.53,0.42399,13.6023189744873,-28.4432090689629,-999.0,21.15274,-999.0,0.2871154,-999.0,12.55755,-999.0,3.31995,236.74320207226907
262,420,13.65489,-28.48327,21.19,0.63538,13.6023189744873,-28.4432090689629,-999.0,21.15274,-999.0,0.2871154,-999.0,12.55755,-999.0,3.31995,220.18448077449597
263,421,13.64218,-28.49201,19.35,0.04223,13.6023189744873,-28.4432090689629,-999.0,21.15274,-999.0,0.2871154,-999.0,12.55755,-999.0,3.31995,216.28251412784346
264,422,13.64501,-28.48421,20.42,0.47701,13.6023189744873,-28.4432090689629,-999.0,21.15274,-999.0,0.2871154,-999.0,12.55755,-999.0,3.31995,200.1034844703626
265,423,13.6102,-28.50599,22.31,0.69374,13.5788067786096,-28.4679989559156,-999.0,22.06491,-999.0,0.4042951,-999.0,5.420435,-999.0,2.017915,169.0334898591496
266,424,13.59502,-28.5159,21.6,0.8368,13.565122308223,-28.4788086311883,-999.0,22.02813,-999.0,0.6171795,-999.0,5.60721,-999.0,3.186607,163.63807734069053
267,425,13.61902,-28.49252,21.82,0.24784,13.5788067786096,-28.4679989559156,-999.0,22.06491,-999.0,0.4042951,-999.0,5.420435,-999.0,2.017915,154.86985192731797
268,426,13.62225,-28.47265,22.12,0.32417,13.6023189744873,-28.4432090689629,-999.0,21.15274,-999.0,0.2871154,-999.0,12.55755,-999.0,3.31995,123.33946678105482
269,427,13.60904,-28.47893,20.53,0.58286,13.5788067786096,-28.4679989559156,-999.0,22.06491,-999.0,0.4042951,-999.0,5.420435,-999.0,2.017915,103.45096578748667
270,428,13.6231,-28.4614,21.56,0.82771,13.6023189744873,-28.4432090689629,-999.0,21.15274,-999.0,0.2871154,-999.0,12.55755,-999.0,3.31995,92.81706728454347
271,429,13.60624,-28.46914,22.52,0.9506,13.5788067786096,-28.4679989559156,-999.0,22.06491,-999.0,0.4042951,-999.0,5.420435,-999.0,2.017915,86.91458601859627
272,430,13.60857,-28.4635,22.73,0.951,13.6023189744873,-28.4432090689629,-999.0,21.15274,-999.0,0.2871154,-999.0,12.55755,-999.0,3.31995,75.67943080764638
273,431,13.57555,-28.48857,22.31,0.90702,13.565122308223,-28.4788086311883,-999.0,22.02813,-999.0,0.6171795,-999.0,5.60721,-999.0,3.186607,48.20369019051952
274,432,13.60626,-28.45947,0.0,0.44699,13.6023189744873,-28.4432090689629,-999.0,21.15274,-999.0,0.2871154,-999.0,12.55755,-999.0,3.31995,59.8536519574541
275,434,13.5852,-28.47238,22.09,0.33557,13.5788067786096,-28.4679989559156,-999.0,22.06491,-999.0,0.4042951,-999.0,5.420435,-999.0,2.017915,25.653279729000516
276,435,13.58345,-28.4701,19.43,0.33622,13.5788067786096,-28.4679989559156,-999.0,22.06491,-999.0,0.4042951,-999.0,5.420435,-999.0,2.017915,16.52669646238412
277,436,13.61256,-28.44044,21.81,0.44832,13.6023189744873,-28.4432090689629,-999.0,21.15274,-999.0,0.2871154,-999.0,12.55755,-999.0,3.31995,33.91589508482436
278,437,13.56546,-28.47864,21.2,0.27231,13.565122308223,-28.4788086311883,-999.0,22.02813,-999.0,0.6171795,-999.0,5.60721,-999.0,3.186607,1.2289875246461153
279,438,13.5922,-28.4518,20.99,0.49194,13.6023189744873,-28.4432090689629,-999.0,21.15274,-999.0,0.2871154,-999.0,12.55755,-999.0,3.31995,44.524205479110584
280,439,13.5452,-28.48894,21.42,0.29599,13.5288634718256,-28.4815045368373,-999.0,22.06759,-999.0,0.4295586,-999.0,5.407095,-999.0,2.138733,58.21124600517473
281,440,13.5673,-28.46742,21.29,0.68784,13.5788067786096,-28.4679989559156,-999.0,22.06491,-999.0,0.4042951,-999.0,5.420435,-999.0,2.017915,36.47520492384737
282,441,13.58249,-28.45117,20.27,0.29001,13.574877214948,-28.4523420095025,-999.0,21.86881,-999.0,0.5218047,-999.0,6.493441,-999.0,3.119989,24.4624962665873
283,442,13.58298,-28.45143,0.0,0.81354,13.574877214948,-28.4523420095025,-999.0,21.86881,-999.0,0.5218047,-999.0,6.493441,-999.0,3.119989,25.856098741318995
284,443,13.58964,-28.44248,20.92,0.44856,13.6023189744873,-28.4432090689629,-999.0,21.15274,-999.0,0.2871154,-999.0,12.55755,-999.0,3.31995,40.22043452358979
285,444,13.4395,-28.37245,20.96,0.46992,13.4384461460004,-28.371584127052,-999.0,22.47854,-999.0,0.6716206,-999.0,3.703254,-999.0,2.290222,4.567260757104864
286,445,13.43646,-28.38408,22.06,0.6897,13.4285764277337,-28.3805395189297,-999.0,22.34551,-999.0,0.4979788,-999.0,4.185945,-999.0,1.91944,28.034302266679813
287,446,13.43337,-28.38903,20.87,0.29278,13.4285764277337,-28.3805395189297,-999.0,22.34551,-999.0,0.4979788,-999.0,4.185945,-999.0,1.91944,34.12860511502228
288,447,13.43062,-28.39244,20.95,0.29278,13.4220034879886,-28.3911715375681,-999.0,22.28428,-999.0,0.4651725,-999.0,4.428813,-999.0,1.897019,27.667759896466233
289,448,13.42837,-28.42429,21.18,0.437,13.4315480743547,-28.4198508617622,-999.0,22.75389,-999.0,0.6554217,-999.0,2.873704,-999.0,1.734335,18.884739236265567
290,449,13.42703,-28.37591,21.13,0.67435,13.4285764277337,-28.3805395189297,-999.0,22.34551,-999.0,0.4979788,-999.0,4.185945,-999.0,1.91944,17.37113112969286
291,450,13.4242,-28.38146,21.45,0.67412,13.4285764277337,-28.3805395189297,-999.0,22.34551,-999.0,0.4979788,-999.0,4.185945,-999.0,1.91944,14.252058904058792
292,451,13.42325,-28.42052,22.07,1.00316,13.4230246536147,-28.4214647994999,-999.0,22.71082,-999.0,0.5202349,-999.0,2.989989,-999.0,1.432317,3.475303443797428
293,452,13.41666,-28.3998,22.04,0.45041,13.4154955108479,-28.4051039568498,-999.0,22.29133,-999.0,0.5114423,-999.0,4.400165,-999.0,2.07222,19.447060264422575
294,453,13.41371,-28.4031,19.05,0.20403,13.4154955108479,-28.4051039568498,-999.0,22.29133,-999.0,0.5114423,-999.0,4.400165,-999.0,2.07222,9.165875542769298
295,454,13.41025,-28.388,21.8,0.43879,13.4140734988498,-28.3934389809395,-999.0,22.80987,-999.0,0.6283273,-999.0,2.729309,-999.0,1.579097,23.02213910972095
296,455,13.40761,-28.42311,21.02,0.11549,13.4190529614832,-28.4219634484183,21.80233,-999.0,0.4414223,-999.0,6.903504,-999.0,2.806041,-999.0,36.46348544108281
297,456,13.39989,-28.37301,22.07,0.43894,13.4212795415543,-28.3717183175473,-999.0,22.49952,-999.0,0.4952342,-999.0,3.632391,-999.0,1.656431,67.91204993087273
298,457,13.39588,-28.3775,21.33,0.45191,13.4140734988498,-28.3934389809395,-999.0,22.80987,-999.0,0.6283273,-999.0,2.729309,-999.0,1.579097,81.31902648561908
299,458,13.39389,-28.41119,21.33,0.53435,13.4154955108479,-28.4051039568498,-999.0,22.29133,-999.0,0.5114423,-999.0,4.400165,-999.0,2.07222,71.83638848981836
300,459,13.39048,-28.37374,21.63,0.44916,13.4212795415543,-28.3717183175473,-999.0,22.49952,-999.0,0.4952342,-999.0,3.632391,-999.0,1.656431,97.83017185183351
301,460,13.38872,-28.43125,21.31,0.68834,13.4190529614832,-28.4219634484183,21.80233,-999.0,0.4414223,-999.0,6.903504,-999.0,2.806041,-999.0,101.68518520624812
302,461,13.38509,-28.38292,20.3,0.13826,13.4140734988498,-28.3934389809395,-999.0,22.80987,-999.0,0.6283273,-999.0,2.729309,-999.0,1.579097,99.29762843786345
303,462,13.38279,-28.40286,21.79,0.92208,13.4154955108479,-28.4051039568498,-999.0,22.29133,-999.0,0.5114423,-999.0,4.400165,-999.0,2.07222,103.88036708594751
304,463,13.38039,-28.39091,21.53,0.48424,13.4140734988498,-28.3934389809395,-999.0,22.80987,-999.0,0.6283273,-999.0,2.729309,-999.0,1.579097,107.0623936822364
305,464,13.37451,-28.38948,21.19,0.53971,13.4140734988498,-28.3934389809395,-999.0,22.80987,-999.0,0.6283273,-999.0,2.729309,-999.0,1.579097,126.10519012352253
306,465,13.36898,-28.39219,20.61,0.11764,13.4140734988498,-28.3934389809395,-999.0,22.80987,-999.0,0.6283273,-999.0,2.729309,-999.0,1.579097,142.87960191780576
307,466,13.36594,-28.40639,20.11,0.4506,13.4154955108479,-28.4051039568498,-999.0,22.29133,-999.0,0.5114423,-999.0,4.400165,-999.0,2.07222,156.98893385149424
308,467,13.35835,-28.43441,21.8,0.35129,13.4190529614832,-28.4219634484183,21.80233,-999.0,0.4414223,-999.0,6.903504,-999.0,2.806041,-999.0,197.33346817417055
309,468,13.35665,-28.42788,21.14,0.4512,13.4190529614832,-28.4219634484183,21.80233,-999.0,0.4414223,-999.0,6.903504,-999.0,2.806041,-999.0,198.7119671102043
310,469,13.35488,-28.42757,21.07,0.45265,13.4190529614832,-28.4219634484183,21.80233,-999.0,0.4414223,-999.0,6.903504,-999.0,2.806041,-999.0,204.17132086990472
311,470,13.35301,-28.39352,22.22,0.43437,13.4140734988498,-28.3934389809395,-999.0,22.80987,-999.0,0.6283273,-999.0,2.729309,-999.0,1.579097,193.38402615982005
312,471,13.34881,-28.41739,21.0,0.50403,13.4154955108479,-28.4051039568498,-999.0,22.29133,-999.0,0.5114423,-999.0,4.400165,-999.0,2.07222,215.73553959336107
313,472,13.34906,-28.41749,0.0,0.50412,13.4154955108479,-28.4051039568498,-999.0,22.29133,-999.0,0.5114423,-999.0,4.400165,-999.0,2.07222,215.03508033751166
314,474,13.34021,-28.39503,21.64,0.28947,13.4140734988498,-28.3934389809395,-999.0,22.80987,-999.0,0.6283273,-999.0,2.729309,-999.0,1.579097,233.98895107599924
315,475,13.33828,-28.4497,20.73,0.50467,13.4190529614832,-28.4219634484183,21.80233,-999.0,0.4414223,-999.0,6.903504,-999.0,2.806041,-999.0,274.5046990452255
316,476,13.33535,-28.4485,19.01,0.21748,13.4190529614832,-28.4219634484183,21.80233,-999.0,0.4414223,-999.0,6.903504,-999.0,2.806041,-999.0,281.6718658370462
317,477,13.33192,-28.4145,19.39,0.11575,13.4154955108479,-28.4051039568498,-999.0,22.29133,-999.0,0.5114423,-999.0,4.400165,-999.0,2.07222,266.7900290827949
318,478,13.33023,-28.44533,20.83,0.35125,13.4190529614832,-28.4219634484183,21.80233,-999.0,0.4414223,-999.0,6.903504,-999.0,2.806041,-999.0,293.5022693262348
319,479,13.32737,-28.43673,21.85,0.60496,13.4190529614832,-28.4219634484183,21.80233,-999.0,0.4414223,-999.0,6.903504,-999.0,2.806041,-999.0,295.0830550904884
320,480,13.32478,-28.38487,20.32,0.44658,13.4140734988498,-28.3934389809395,-999.0,22.80987,-999.0,0.6283273,-999.0,2.729309,-999.0,1.579097,284.47529823048325
321,481,13.32126,-28.38839,20.93,0.76563,13.4140734988498,-28.3934389809395,-999.0,22.80987,-999.0,0.6283273,-999.0,2.729309,-999.0,1.579097,294.5023773739579
322,482,13.32023,-28.38162,20.79,0.45241,13.4140734988498,-28.3934389809395,-999.0,22.80987,-999.0,0.6283273,-999.0,2.729309,-999.0,1.579097,300.2425571146152
323,483,13.31786,-28.41238,22.01,0.33,13.4154955108479,-28.4051039568498,-999.0,22.29133,-999.0,0.5114423,-999.0,4.400165,-999.0,2.07222,310.267911610924
324,488,13.53517,-28.39048,18.48,0.11678,13.5380543173577,-28.3834546228873,21.63759,-999.0,0.4605617,-999.0,8.034657,-999.0,3.407417,-999.0,26.89053436251385
325,490,13.52245,-28.39496,19.93,0.2903,13.5375564242599,-28.4029858561987,-999.0,22.45016,-999.0,0.5138618,-999.0,3.801349,-999.0,1.798681,55.8867843180271
326,492,13.50288,-28.38738,20.29,0.29203,13.4882921962302,-28.3740332823152,-999.0,22.62969,-999.0,0.5434973,-999.0,3.221977,-999.0,1.612464,66.65919425071965
327,493,13.514,-28.40416,0.0,0.29362,13.5244293521325,-28.4151000169588,-999.0,22.17334,-999.0,0.4727733,-999.0,4.905293,-999.0,2.135443,51.397356409692975
328,494,13.51111,-28.40416,19.37,0.29436,13.4935822379434,-28.4046865275831,-999.0,21.51079,-999.0,0.3604291,-999.0,9.029878,-999.0,2.996898,55.5358151957669
329,496,13.49403,-28.39964,20.03,0.29068,13.4935822379434,-28.4046865275831,-999.0,21.51079,-999.0,0.3604291,-999.0,9.029878,-999.0,2.996898,18.222747132853428
330,497,13.47943,-28.39385,19.45,0.29458,13.4706769400791,-28.3908393581283,-999.0,22.04547,-999.0,0.4404276,-999.0,5.51839,-999.0,2.237984,29.76410381431694
331,499,13.46996,-28.41918,20.47,0.41901,13.470074724243,-28.4199377095691,-999.0,22.21463,-999.0,0.4734981,-999.0,4.722255,-999.0,2.058912,2.7518327354182315
332,500,13.45171,-28.40952,19.83,0.29382,13.4648079779311,-28.4052207938936,-999.0,22.57185,-999.0,0.5824109,-999.0,3.398274,-999.0,1.822461,44.26863908459283
333,501,13.49442,-28.45022,20.13,0.29272,13.4930474484958,-28.4486737339632,-999.0,22.49389,-999.0,0.4384741,-999.0,3.651285,-999.0,1.474212,7.061235326157863
334,503,13.49715,-28.46273,20.95,0.29159,13.4939062547521,-28.4728670083685,-999.0,22.47713,-999.0,0.5523269,-999.0,3.708066,-999.0,1.885879,37.90958152221904
335,504,13.48137,-28.4684,0.0,0.29383,13.4781186764135,-28.4696685392207,-999.0,21.89722,-999.0,0.386736,-999.0,6.325748,-999.0,2.252665,11.257270987964192
336,505,13.53282,-28.42117,21.42,0.68657,13.5244293521325,-28.4151000169588,-999.0,22.17334,-999.0,0.4727733,-999.0,4.905293,-999.0,2.135443,34.398855974075786
337,506,13.52543,-28.41227,20.74,0.29297,13.5244293521325,-28.4151000169588,-999.0,22.17334,-999.0,0.4727733,-999.0,4.905293,-999.0,2.135443,10.669358080123857
338,507,13.55394,-28.41547,0.0,0.44596,13.560671257771,-28.4167477725333,-999.0,21.70048,-999.0,0.3570176,-999.0,7.582391,-999.0,2.492676,21.803626787887342
339,508,13.54494,-28.39885,19.62,0.44603,13.5404722735861,-28.3982863819147,-999.0,21.32662,-999.0,0.315424,-999.0,10.69922,-999.0,3.107543,14.293048202467617
340,509,13.51412,-28.40401,0.0,0.29157,13.5244293521325,-28.4151000169588,-999.0,22.17334,-999.0,0.4727733,-999.0,4.905293,-999.0,2.135443,51.57096109650789
341,510,13.51396,-28.40356,0.0,0.2935,13.5244293521325,-28.4151000169588,-999.0,22.17334,-999.0,0.4727733,-999.0,4.905293,-999.0,2.135443,53.14960727608528
342,511,13.5137,-28.40299,0.0,0.2929,13.5244293521325,-28.4151000169588,-999.0,22.17334,-999.0,0.4727733,-999.0,4.905293,-999.0,2.135443,55.27075965975405
343,512,13.51309,-28.39797,19.14,0.29256,13.4935822379434,-28.4046865275831,-999.0,21.51079,-999.0,0.3604291,-999.0,9.029878,-999.0,2.996898,66.33864315952627
344,513,13.50141,-28.3939,20.16,0.28637,13.4935822379434,-28.4046865275831,-999.0,21.51079,-999.0,0.3604291,-999.0,9.029878,-999.0,2.996898,46.06908545908781
345,516,13.53013,-28.35934,18.98,0.07437,13.5295985779066,-28.3596835802807,-999.0,21.89519,-999.0,0.4236734,-999.0,6.33757,-999.0,2.472431,2.089047318344562
346,517,13.5217,-28.35825,18.2,0.1835,13.5295985779066,-28.3596835802807,-999.0,21.89519,-999.0,0.4236734,-999.0,6.33757,-999.0,2.472431,25.54905747995527
347,518,13.50696,-28.35644,18.95,0.29156,13.5041282432428,-28.3556554655055,-999.0,22.31343,-999.0,0.5875947,-999.0,4.311502,-999.0,2.332795,9.405219516285987
348,519,13.50437,-28.35429,18.53,0.44712,13.5041282432428,-28.3556554655055,-999.0,22.31343,-999.0,0.5875947,-999.0,4.311502,-999.0,2.332795,4.974985292480316
349,520,13.5058,-28.35107,20.83,0.44624,13.5041282432428,-28.3556554655055,-999.0,22.31343,-999.0,0.5875947,-999.0,4.311502,-999.0,2.332795,17.336509559461817
350,523,13.4714,-28.34922,20.07,0.447,13.4638116494023,-28.3582830556971,-999.0,22.07073,-999.0,0.4421945,-999.0,5.391487,-999.0,2.195291,40.52752146748915
351,524,13.46836,-28.34444,21.04,0.68695,13.4560578612299,-28.3525608338176,21.936,-999.0,0.473797,-999.0,6.103824,-999.0,2.662959,-999.0,48.72222452009936
352,525,13.53562,-28.32498,0.0,0.3947,13.5308350612562,-28.325419040385,-999.0,21.65222,-999.0,0.339472,-999.0,7.927083,-999.0,2.477921,15.245466884962756
353,526,13.4517,-28.3441,20.61,0.44701,13.4509409546086,-28.3496315673655,-999.0,22.3015,-999.0,0.6225864,-999.0,4.359121,-999.0,2.499014,20.058332458460228
354,527,13.47187,-28.3357,20.26,0.45081,13.4688673279425,-28.3304141841688,21.68778,-999.0,0.4166174,-999.0,7.671696,-999.0,2.943059,-999.0,21.2750869978278
355,528,13.50005,-28.32228,0.0,0.62839,13.4940585212028,-28.3206258709276,21.74283,-999.0,0.4964619,-999.0,7.292391,-999.0,3.333696,-999.0,19.899358401840065
356,529,13.4774,-28.32738,20.03,0.43607,13.4688673279425,-28.3304141841688,21.68778,-999.0,0.4166174,-999.0,7.671696,-999.0,2.943059,-999.0,29.161808818278782
357,530,13.47495,-28.32497,20.01,0.44892,13.4688673279425,-28.3304141841688,21.68778,-999.0,0.4166174,-999.0,7.671696,-999.0,2.943059,-999.0,27.48930579925953
358,531,13.44463,-28.3757,0.0,0.82328,13.4470407185508,-28.3772441806641,-999.0,22.59411,-999.0,0.4996902,-999.0,3.329333,-999.0,1.531892,9.445024926241352
359,532,13.56244,-28.36894,23.19,0.67486,13.5664921042323,-28.3656216524781,-999.0,22.42509,-999.0,0.5277354,-999.0,3.890142,-999.0,1.890392,17.5347785519859
360,533,13.5476,-28.37619,21.4,-0.0001,13.5449151684792,-28.3782743142547,19.75352,19.20278,0.174327,0.09215275,45.5611,75.66402,7.313566,6.420486,11.341101551756832
361,535,13.53035,-28.37163,22.59,0.3766,13.5295985779066,-28.3596835802807,-999.0,21.89519,-999.0,0.4236734,-999.0,6.33757,-999.0,2.472431,43.072932849174165
362,536,13.54294,-28.39838,23.07,0.20409,13.5404722735861,-28.3982863819147,-999.0,21.32662,-999.0,0.315424,-999.0,10.69922,-999.0,3.107543,7.8220222056704305
363,537,13.52621,-28.38399,22.63,1.60061,13.5380543173577,-28.3834546228873,21.63759,-999.0,0.4605617,-999.0,8.034657,-999.0,3.407417,-999.0,37.5630516947633
364,539,13.51667,-28.39395,21.81,0.0,13.5375564242599,-28.4029858561987,-999.0,22.45016,-999.0,0.5138618,-999.0,3.801349,-999.0,1.798681,73.70889445304046
365,540,13.50544,-28.39836,21.97,0.31104,13.4935822379434,-28.4046865275831,-999.0,21.51079,-999.0,0.3604291,-999.0,9.029878,-999.0,2.996898,43.917132209078794
366,541,13.49809,-28.41351,22.76,0.10983,13.4926732305517,-28.4147754527793,-999.0,22.30887,-999.0,0.4557257,-999.0,4.329625,-999.0,1.81687,17.74589627267677
367,542,13.51241,-28.4448,20.71,0.49122,13.5166776195867,-28.4277837782872,-999.0,22.1071,-999.0,0.4388371,-999.0,5.213875,-999.0,2.106852,62.73042108379694
368,543,13.47082,-28.40789,22.2,0.23032,13.4648079779311,-28.4052207938936,-999.0,22.57185,-999.0,0.5824109,-999.0,3.398274,-999.0,1.822461,21.324973059387265
369,544,13.45856,-28.39777,21.07,0.77772,13.4648079779311,-28.4052207938936,-999.0,22.57185,-999.0,0.5824109,-999.0,3.398274,-999.0,1.822461,33.33058913746103
370,545,13.45827,-28.39786,0.0,0.77903,13.4648079779311,-28.4052207938936,-999.0,22.57185,-999.0,0.5824109,-999.0,3.398274,-999.0,1.822461,33.62788120084784
371,546,13.46526,-28.40883,22.53,1.4607,13.4648079779311,-28.4052207938936,-999.0,22.57185,-999.0,0.5824109,-999.0,3.398274,-999.0,1.822461,13.071743200502189
372,547,13.45579,-28.41263,21.46,0.53394,13.4648079779311,-28.4052207938936,-999.0,22.57185,-999.0,0.5824109,-999.0,3.398274,-999.0,1.822461,39.074959839917554
373,548,13.45704,-28.42523,23.68,0.28902,13.45150827943,-28.4324692158982,-999.0,22.48139,-999.0,0.5182489,-999.0,3.693558,-999.0,1.762599,31.39873172444364
374,549,13.46362,-28.44286,0.0,0.55844,13.45150827943,-28.4324692158982,-999.0,22.48139,-999.0,0.5182489,-999.0,3.693558,-999.0,1.762599,53.565848371273454
375,550,13.44785,-28.42731,22.06,-0.0006,13.45150827943,-28.4324692158982,-999.0,22.48139,-999.0,0.5182489,-999.0,3.693558,-999.0,1.762599,21.88823404986898
376,551,13.29928,-28.43122,22.06,0.44418,13.4154955108479,-28.4051039568498,-999.0,22.29133,-999.0,0.5114423,-999.0,4.400165,-999.0,2.07222,379.7819598687553
377,552,13.28878,-28.43489,21.52,0.50202,13.4190529614832,-28.4219634484183,21.80233,-999.0,0.4414223,-999.0,6.903504,-999.0,2.806041,-999.0,415.0462569559938
378,553,13.32193,-28.43647,21.43,0.67152,13.4190529614832,-28.4219634484183,21.80233,-999.0,0.4414223,-999.0,6.903504,-999.0,2.806041,-999.0,311.88124568974865
379,554,13.308,-28.44001,19.9,0.5036,13.4190529614832,-28.4219634484183,21.80233,-999.0,0.4414223,-999.0,6.903504,-999.0,2.806041,-999.0,357.5247212121736
380,556,13.2938,-28.44445,20.74,0.3861,13.4190529614832,-28.4219634484183,21.80233,-999.0,0.4414223,-999.0,6.903504,-999.0,2.806041,-999.0,404.6975503085591
381,557,13.36991,-28.44614,22.4,0.41354,13.4190529614832,-28.4219634484183,21.80233,-999.0,0.4414223,-999.0,6.903504,-999.0,2.806041,-999.0,178.2640038758101
382,558,13.33559,-28.4498,21.43,0.50526,13.4190529614832,-28.4219634484183,21.80233,-999.0,0.4414223,-999.0,6.903504,-999.0,2.806041,-999.0,282.58131185276346
383,559,13.33881,-28.45127,21.24,0.50567,13.4190529614832,-28.4219634484183,21.80233,-999.0,0.4414223,-999.0,6.903504,-999.0,2.806041,-999.0,275.05876972618705
384,560,13.32516,-28.45768,16.85,0.11731,13.4190529614832,-28.4219634484183,21.80233,-999.0,0.4414223,-999.0,6.903504,-999.0,2.806041,-999.0,323.8422439784854
385,562,13.37133,-28.46165,20.44,0.49072,13.4270290954599,-28.4358945485579,21.95137,-999.0,0.4877493,-999.0,6.018015,-999.0,2.702839,-999.0,199.19759637317642
386,563,13.33078,-28.4681,17.58,0.10508,13.4190529614832,-28.4219634484183,21.80233,-999.0,0.4414223,-999.0,6.903504,-999.0,2.806041,-999.0,325.0552656705963
387,564,13.31684,-28.46901,20.73,0.29016,13.4190529614832,-28.4219634484183,21.80233,-999.0,0.4414223,-999.0,6.903504,-999.0,2.806041,-999.0,365.1917090418332
388,565,13.33838,-28.4716,20.4,0.60408,13.4270290954599,-28.4358945485579,21.95137,-999.0,0.4877493,-999.0,6.018015,-999.0,2.702839,-999.0,308.6271936492948
389,566,13.30246,-28.4746,20.7,0.48003,13.4190529614832,-28.4219634484183,21.80233,-999.0,0.4414223,-999.0,6.903504,-999.0,2.806041,-999.0,414.85588422643815
390,567,13.28674,-28.47637,20.57,0.44478,13.4190529614832,-28.4219634484183,21.80233,-999.0,0.4414223,-999.0,6.903504,-999.0,2.806041,-999.0,462.3424618244371
391,568,13.30732,-28.47911,20.79,0.23908,13.4190529614832,-28.4219634484183,21.80233,-999.0,0.4414223,-999.0,6.903504,-999.0,2.806041,-999.0,409.1442922883134
392,569,13.28495,-28.48913,24.32,0.58821,13.4190529614832,-28.4219634484183,21.80233,-999.0,0.4414223,-999.0,6.903504,-999.0,2.806041,-999.0,488.4886363282827
393,570,13.29468,-28.48264,18.99,0.24845,13.4190529614832,-28.4219634484183,21.80233,-999.0,0.4414223,-999.0,6.903504,-999.0,2.806041,-999.0,450.2038936635292
394,571,13.32118,-28.48371,19.52,0.24825,13.4270290954599,-28.4358945485579,21.95137,-999.0,0.4877493,-999.0,6.018015,-999.0,2.702839,-999.0,376.6432300420288
395,572,13.32238,-28.48662,19.14,0.21779,13.4270290954599,-28.4358945485579,21.95137,-999.0,0.4877493,-999.0,6.018015,-999.0,2.702839,-999.0,378.2105115191974
396,573,13.28543,-28.48821,20.79,0.59232,13.4190529614832,-28.4219634484183,21.80233,-999.0,0.4414223,-999.0,6.903504,-999.0,2.806041,-999.0,485.53541284126175
397,574,13.33267,-28.49327,22.34,0.60429,13.4270290954599,-28.4358945485579,21.95137,-999.0,0.4877493,-999.0,6.018015,-999.0,2.702839,-999.0,363.10081033923143
398,575,13.36515,-28.49931,20.32,0.5965,13.4472542780753,-28.4613413278997,-999.0,22.64549,-999.0,0.5911726,-999.0,3.175424,-999.0,1.728567,293.567874037605
399,576,13.31966,-28.50302,20.92,0.4345,13.4270290954599,-28.4358945485579,21.95137,-999.0,0.4877493,-999.0,6.018015,-999.0,2.702839,-999.0,416.9535161567049
400,577,13.35939,-28.50544,21.89,0.30456,13.4472542780753,-28.4613413278997,-999.0,22.64549,-999.0,0.5911726,-999.0,3.175424,-999.0,1.728567,320.1567409115853
401,578,13.30279,-28.50803,21.29,0.59829,13.4270290954599,-28.4358945485579,21.95137,-999.0,0.4877493,-999.0,6.018015,-999.0,2.702839,-999.0,471.18590478393935
402,579,13.34782,-28.51001,21.43,0.40572,13.4472542780753,-28.4613413278997,-999.0,22.64549,-999.0,0.5911726,-999.0,3.175424,-999.0,1.728567,360.12183607432775
403,580,13.34982,-28.51251,21.34,0.49115,13.4472542780753,-28.4613413278997,-999.0,22.64549,-999.0,0.5911726,-999.0,3.175424,-999.0,1.728567,359.13525140378016
404,582,13.32149,-28.51765,20.69,0.31798,13.4270290954599,-28.4358945485579,21.95137,-999.0,0.4877493,-999.0,6.018015,-999.0,2.702839,-999.0,445.15303673456003
405,583,13.36378,-28.5189,20.28,0.46606,13.4472542780753,-28.4613413278997,-999.0,22.64549,-999.0,0.5911726,-999.0,3.175424,-999.0,1.728567,335.6986952070139
406,584,13.30552,-28.52112,20.67,0.11612,13.4270290954599,-28.4358945485579,21.95137,-999.0,0.4877493,-999.0,6.018015,-999.0,2.702839,-999.0,491.9093702565443
407,585,13.29363,-28.52293,20.69,0.11702,13.4270290954599,-28.4358945485579,21.95137,-999.0,0.4877493,-999.0,6.018015,-999.0,2.702839,-999.0,525.7010465655958
408,586,13.35749,-28.52517,21.95,0.90709,13.4472542780753,-28.4613413278997,-999.0,22.64549,-999.0,0.5911726,-999.0,3.175424,-999.0,1.728567,365.32382107343403
409,587,13.29596,-28.52792,20.84,0.3015,13.4270290954599,-28.4358945485579,21.95137,-999.0,0.4877493,-999.0,6.018015,-999.0,2.702839,-999.0,530.8136938940571
410,588,13.35531,-28.53139,0.0,0.21802,13.4472542780753,-28.4613413278997,-999.0,22.64549,-999.0,0.5911726,-999.0,3.175424,-999.0,1.728567,384.98563343746724
411,589,13.31441,-28.53172,20.11,0.42394,13.4472542780753,-28.4613413278997,-999.0,22.64549,-999.0,0.5911726,-999.0,3.175424,-999.0,1.728567,490.7585261914849
412,590,13.35848,-28.53604,20.15,0.4132,13.4472542780753,-28.4613413278997,-999.0,22.64549,-999.0,0.5911726,-999.0,3.175424,-999.0,1.728567,388.8432035450496
413,591,13.3346,-28.53758,0.0,1.00825,13.4472542780753,-28.4613413278997,-999.0,22.64549,-999.0,0.5911726,-999.0,3.175424,-999.0,1.728567,449.84053981055484
414,593,13.33506,-28.541,21.29,0.16227,13.4472542780753,-28.4613413278997,-999.0,22.64549,-999.0,0.5911726,-999.0,3.175424,-999.0,1.728567,456.31899205990214
415,594,13.31624,-28.54296,21.61,0.50262,13.4472542780753,-28.4613413278997,-999.0,22.64549,-999.0,0.5911726,-999.0,3.175424,-999.0,1.728567,508.0686295655095
416,595,13.33407,-28.54575,20.24,0.37712,13.4472542780753,-28.4613413278997,-999.0,22.64549,-999.0,0.5911726,-999.0,3.175424,-999.0,1.728567,469.6322974934601
417,596,13.36309,-28.25565,20.68,0.46169,13.4334344269863,-28.3416892423669,21.99182,21.06824,0.4706474,0.2632708,5.797953,13.57383,2.512699,3.290601,381.6508956858816
418,597,13.40396,-28.25672,21.94,0.60492,13.4562492446497,-28.327912764314,-999.0,21.87966,-999.0,0.506763,-999.0,6.428874,-999.0,2.999922,305.2229040445808
419,598,13.43903,-28.25905,20.02,0.43251,13.4608244476354,-28.3254577559632,-999.0,22.23548,-999.0,0.5700487,-999.0,4.632419,-999.0,2.431588,248.8504046798478
420,599,13.40906,-28.26096,21.54,0.36334,13.4562492446497,-28.327912764314,-999.0,21.87966,-999.0,0.506763,-999.0,6.428874,-999.0,2.999922,283.6739982583974
421,600,13.44424,-28.2624,21.21,0.2388,13.4608244476354,-28.3254577559632,-999.0,22.23548,-999.0,0.5700487,-999.0,4.632419,-999.0,2.431588,233.01568395472611
422,601,13.39367,-28.26509,20.8,0.29396,13.4562492446497,-28.327912764314,-999.0,21.87966,-999.0,0.506763,-999.0,6.428874,-999.0,2.999922,300.82874963869415
423,602,13.37144,-28.26707,21.52,0.44467,13.4334344269863,-28.3416892423669,21.99182,21.06824,0.4706474,0.2632708,5.797953,13.57383,2.512699,3.290601,332.82527593647757
424,603,13.43359,-28.26942,20.54,0.39429,13.4608244476354,-28.3254577559632,-999.0,22.23548,-999.0,0.5700487,-999.0,4.632419,-999.0,2.431588,219.4307111888124
425,604,13.37209,-28.27085,20.88,0.10444,13.4334344269863,-28.3416892423669,21.99182,21.06824,0.4706474,0.2632708,5.797953,13.57383,2.512699,3.290601,320.68687561947274
426,605,13.44571,-28.27252,20.26,0.29263,13.4608244476354,-28.3254577559632,-999.0,22.23548,-999.0,0.5700487,-999.0,4.632419,-999.0,2.431588,196.5056073747246
427,606,13.44334,-28.27694,21.45,0.43747,13.4608244476354,-28.3254577559632,-999.0,22.23548,-999.0,0.5700487,-999.0,4.632419,-999.0,2.431588,183.2454048206172
428,608,13.44256,-28.28138,21.12,0.60245,13.4608244476354,-28.3254577559632,-999.0,22.23548,-999.0,0.5700487,-999.0,4.632419,-999.0,2.431588,168.91038871857583
429,609,13.43403,-28.28287,21.14,0.16849,13.4608244476354,-28.3254577559632,-999.0,22.23548,-999.0,0.5700487,-999.0,4.632419,-999.0,2.431588,175.26681608094677
430,610,13.42432,-28.2876,20.33,0.43718,13.4562492446497,-28.327912764314,-999.0,21.87966,-999.0,0.506763,-999.0,6.428874,-999.0,2.999922,176.92610626439378
431,611,13.41989,-28.28919,20.39,0.43621,13.4562492446497,-28.327912764314,-999.0,21.87966,-999.0,0.506763,-999.0,6.428874,-999.0,2.999922,180.8673569073406
432,612,13.43375,-28.29039,21.88,0.7212,13.4608244476354,-28.3254577559632,-999.0,22.23548,-999.0,0.5700487,-999.0,4.632419,-999.0,2.431588,152.6473848310815
433,613,13.43289,-28.29317,21.75,0.77316,13.4562492446497,-28.327912764314,-999.0,21.87966,-999.0,0.506763,-999.0,6.428874,-999.0,2.999922,145.3432434498268
434,617,13.40676,-28.30443,19.63,0.3636,13.4334344269863,-28.3416892423669,21.99182,21.06824,0.4706474,0.2632708,5.797953,13.57383,2.512699,3.290601,158.5478139434562
435,618,13.40083,-28.30486,20.57,0.3636,13.4334344269863,-28.3416892423669,21.99182,21.06824,0.4706474,0.2632708,5.797953,13.57383,2.512699,3.290601,168.09150061452758
436,620,13.40585,-28.31066,20.07,0.37458,13.4334344269863,-28.3416892423669,21.99182,21.06824,0.4706474,0.2632708,5.797953,13.57383,2.512699,3.290601,141.84203023963119
437,621,13.41301,-28.31621,21.4,0.58712,13.4334344269863,-28.3416892423669,21.99182,21.06824,0.4706474,0.2632708,5.797953,13.57383,2.512699,3.290601,112.26072701354657
438,622,13.43109,-28.31877,21.89,0.68868,13.4481971765011,-28.3345546068589,-999.0,21.97054,-999.0,0.520144,-999.0,5.912639,-999.0,2.831882,78.5359971826648
439,623,13.41073,-28.32327,22.45,0.68768,13.4334344269863,-28.3416892423669,21.99182,21.06824,0.4706474,0.2632708,5.797953,13.57383,2.512699,3.290601,97.84147454830372
440,624,13.42228,-28.32599,22.61,0.58173,13.4334344269863,-28.3416892423669,21.99182,21.06824,0.4706474,0.2632708,5.797953,13.57383,2.512699,3.290601,66.65944220666134
441,625,13.43688,-28.32771,22.74,0.64995,13.4481971765011,-28.3345546068589,-999.0,21.97054,-999.0,0.520144,-999.0,5.912639,-999.0,2.831882,43.51119917756927
442,626,13.42106,-28.3713,20.98,0.2483,13.4212795415543,-28.3717183175473,-999.0,22.49952,-999.0,0.4952342,-999.0,3.632391,-999.0,1.656431,1.658755335585722
443,627,13.44372,-28.33028,22.01,0.95893,13.4481971765011,-28.3345546068589,-999.0,21.97054,-999.0,0.520144,-999.0,5.912639,-999.0,2.831882,20.930391963395728
444,628,13.36637,-28.33172,20.84,0.47571,13.4208385151638,-28.3596003106705,21.27458,20.62919,0.377285,0.2294891,11.2246,20.33867,3.899515,4.297884,199.64052084063937
445,629,13.37752,-28.3339,21.84,0.50187,13.4208385151638,-28.3596003106705,21.27458,20.62919,0.377285,0.2294891,11.2246,20.33867,3.899515,4.297884,165.52018154464957
446,630,13.38693,-28.33677,20.57,0.18625,13.4276482000321,-28.3474625810686,-999.0,22.08794,-999.0,0.4334363,-999.0,5.306708,-999.0,2.117974,134.6342251039508
447,631,13.38685,-28.33903,21.97,0.82422,13.4208385151638,-28.3596003106705,21.27458,20.62919,0.377285,0.2294891,11.2246,20.33867,3.899515,4.297884,130.689402288909
448,632,13.43905,-28.25867,0.0,0.366,13.4608244476354,-28.3254577559632,-999.0,22.23548,-999.0,0.5700487,-999.0,4.632419,-999.0,2.431588,250.14744863064462
449,633,13.45333,-28.34474,20.91,0.6874,13.4509409546086,-28.3496315673655,-999.0,22.3015,-999.0,0.6225864,-999.0,4.359121,-999.0,2.499014,19.167496330571655
450,634,13.36557,-28.34674,22.25,0.64627,13.4208385151638,-28.3596003106705,21.27458,20.62919,0.377285,0.2294891,11.2246,20.33867,3.899515,4.297884,181.11526677596953
451,635,13.41893,-28.34935,22.24,0.68197,13.4276482000321,-28.3474625810686,-999.0,22.08794,-999.0,0.4334363,-999.0,5.306708,-999.0,2.117974,28.445106756128748
452,636,13.4339,-28.35132,21.02,0.50302,13.4276482000321,-28.3474625810686,-999.0,22.08794,-999.0,0.4334363,-999.0,5.306708,-999.0,2.117974,24.19023434458067
453,637,13.43428,-28.35256,21.42,0.68906,13.4276482000321,-28.3474625810686,-999.0,22.08794,-999.0,0.4334363,-999.0,5.306708,-999.0,2.117974,27.896465096319414
454,638,13.44857,-28.35452,21.09,0.41489,13.4509409546086,-28.3496315673655,-999.0,22.3015,-999.0,0.6225864,-999.0,4.359121,-999.0,2.499014,19.134418846848877
455,639,13.44864,-28.35545,22.57,1.2196,13.4509409546086,-28.3496315673655,-999.0,22.3015,-999.0,0.6225864,-999.0,4.359121,-999.0,2.499014,22.178609020304304
456,640,13.368,-28.35741,20.93,0.2547,13.4208385151638,-28.3596003106705,21.27458,20.62919,0.377285,0.2294891,11.2246,20.33867,3.899515,4.297884,167.576660197603
457,641,13.36753,-28.35774,21.39,0.295,13.4208385151638,-28.3596003106705,21.27458,20.62919,0.377285,0.2294891,11.2246,20.33867,3.899515,4.297884,169.0124690609141
458,642,13.38274,-28.3594,19.66,0.49269,13.4208385151638,-28.3596003106705,21.27458,20.62919,0.377285,0.2294891,11.2246,20.33867,3.899515,4.297884,120.6961308366675
459,643,13.36645,-28.36076,18.54,0.16907,13.4208385151638,-28.3596003106705,21.27458,20.62919,0.377285,0.2294891,11.2246,20.33867,3.899515,4.297884,172.34925810448993
460,644,13.4181,-28.36464,21.61,0.43582,13.4208385151638,-28.3596003106705,21.27458,20.62919,0.377285,0.2294891,11.2246,20.33867,3.899515,4.297884,20.11029854319355
461,645,13.3735,-28.36604,19.99,0.11732,13.4208385151638,-28.3596003106705,21.27458,20.62919,0.377285,0.2294891,11.2246,20.33867,3.899515,4.297884,151.74246235966655
462,646,13.374,-28.36859,21.07,0.34536,13.4212795415543,-28.3717183175473,-999.0,22.49952,-999.0,0.4952342,-999.0,3.632391,-999.0,1.656431,150.18676166761955
463,647,13.6225,-28.31452,20.11,0.10485,13.5891176590454,-28.3413254642531,-999.0,22.51917,-999.0,0.5079826,-999.0,3.567218,-999.0,1.668586,143.18735758043792
464,648,13.6211,-28.30843,20.72,0.63011,13.5891176590454,-28.3413254642531,-999.0,22.51917,-999.0,0.5079826,-999.0,3.567218,-999.0,1.668586,155.87255279239716
465,649,13.61889,-28.28788,20.67,0.4087,13.5803727552543,-28.3354731466109,-999.0,22.70105,-999.0,0.5454087,-999.0,3.017031,-999.0,1.515207,210.37633332299168
466,650,13.61623,-28.30046,22.08,0.07495,13.5803727552543,-28.3354731466109,-999.0,22.70105,-999.0,0.5454087,-999.0,3.017031,-999.0,1.515207,169.71023203720978
467,651,13.61171,-28.31996,21.87,0.5205,13.5891176590454,-28.3413254642531,-999.0,22.51917,-999.0,0.5079826,-999.0,3.567218,-999.0,1.668586,105.07736557100924
468,652,13.60846,-28.30099,22.16,0.6442,13.5803727552543,-28.3354731466109,-999.0,22.70105,-999.0,0.5454087,-999.0,3.017031,-999.0,1.515207,152.7545667922169
469,653,13.60537,-28.33924,19.85,0.27295,13.5891176590454,-28.3413254642531,-999.0,22.51917,-999.0,0.5079826,-999.0,3.567218,-999.0,1.668586,52.04023173786329
470,654,13.60359,-28.31304,21.19,0.44743,13.5803727552543,-28.3354731466109,-999.0,22.70105,-999.0,0.5454087,-999.0,3.017031,-999.0,1.515207,109.24925909762972
471,655,13.60129,-28.32033,20.74,0.11603,13.5891176590454,-28.3413254642531,-999.0,22.51917,-999.0,0.5079826,-999.0,3.567218,-999.0,1.668586,84.85675104485311
472,656,13.60002,-28.34313,20.83,0.44692,13.5891176590454,-28.3413254642531,-999.0,22.51917,-999.0,0.5079826,-999.0,3.567218,-999.0,1.668586,35.149175619301566
473,657,13.59788,-28.34095,20.92,0.12998,13.5891176590454,-28.3413254642531,-999.0,22.51917,-999.0,0.5079826,-999.0,3.567218,-999.0,1.668586,27.79629323493413
474,658,13.5858,-28.26582,21.14,0.43422,13.5537721160957,-28.3215357007568,-999.0,22.18194,-999.0,0.4258718,-999.0,4.866578,-999.0,1.908415,224.80735752856828
475,659,13.5835,-28.279,20.41,0.19913,13.5537721160957,-28.3215357007568,-999.0,22.18194,-999.0,0.4258718,-999.0,4.866578,-999.0,1.908415,179.7982416352774
476,660,13.58136,-28.31302,20.13,0.40757,13.5803727552543,-28.3354731466109,-999.0,22.70105,-999.0,0.5454087,-999.0,3.017031,-999.0,1.515207,80.89185084110424
477,661,13.57529,-28.28594,20.09,0.24836,13.5537721160957,-28.3215357007568,-999.0,22.18194,-999.0,0.4258718,-999.0,4.866578,-999.0,1.908415,145.16438991709177
478,662,13.57333,-28.29523,21.73,0.77476,13.5537721160957,-28.3215357007568,-999.0,22.18194,-999.0,0.4258718,-999.0,4.866578,-999.0,1.908415,113.18442294033729
479,663,13.57007,-28.26596,20.85,0.39036,13.5537721160957,-28.3215357007568,-999.0,22.18194,-999.0,0.4258718,-999.0,4.866578,-999.0,1.908415,206.635070884426
480,664,13.56699,-28.27727,20.0,0.39147,13.5537721160957,-28.3215357007568,-999.0,22.18194,-999.0,0.4258718,-999.0,4.866578,-999.0,1.908415,164.7721973868006
481,667,13.55648,-28.3442,21.41,0.60166,13.5651334831343,-28.3406360964919,-999.0,21.68347,-999.0,0.416725,-999.0,7.702129,-999.0,2.955497,30.27153704677525
482,668,13.55084,-28.33931,21.18,0.41463,13.5469742128748,-28.3405467482495,-999.0,22.93111,-999.0,0.9353161,-999.0,2.440934,-999.0,2.102251,13.032934910610432
483,669,13.54648,-28.29235,21.09,0.62999,13.5415154179566,-28.3185075828503,-999.0,21.94397,-999.0,0.4111441,-999.0,6.059161,-999.0,2.293912,95.47296363518515
484,670,13.545,-28.32859,21.18,0.44652,13.5537721160957,-28.3215357007568,-999.0,22.18194,-999.0,0.4258718,-999.0,4.866578,-999.0,1.908415,37.652246830615795
485,671,13.54307,-28.25845,21.49,0.67433,13.5415154179566,-28.3185075828503,-999.0,21.94397,-999.0,0.4111441,-999.0,6.059161,-999.0,2.293912,216.26345551714624
486,672,13.54095,-28.30963,21.31,0.39123,13.5415154179566,-28.3185075828503,-999.0,21.94397,-999.0,0.4111441,-999.0,6.059161,-999.0,2.293912,32.00949754541102
487,673,13.5362,-28.32505,19.36,0.39478,13.5308350612562,-28.325419040385,-999.0,21.65222,-999.0,0.339472,-999.0,7.927083,-999.0,2.477921,17.053140787032724
488,674,13.53372,-28.28433,19.26,0.11633,13.5415154179566,-28.3185075828503,-999.0,21.94397,-999.0,0.4111441,-999.0,6.059161,-999.0,2.293912,125.49582118109734
489,675,13.53171,-28.29302,19.67,0.11623,13.5415154179566,-28.3185075828503,-999.0,21.94397,-999.0,0.4111441,-999.0,6.059161,-999.0,2.293912,96.87580830618211
490,676,13.52743,-28.31836,21.37,0.60285,13.5308350612562,-28.325419040385,-999.0,21.65222,-999.0,0.339472,-999.0,7.927083,-999.0,2.477921,27.608698269376255
491,677,13.52463,-28.2827,19.84,0.29465,13.5415154179566,-28.3185075828503,-999.0,21.94397,-999.0,0.4111441,-999.0,6.059161,-999.0,2.293912,139.57673735965082
492,678,13.52276,-28.25795,20.77,0.11746,13.5415154179566,-28.3185075828503,-999.0,21.94397,-999.0,0.4111441,-999.0,6.059161,-999.0,2.293912,225.9694533067093
493,679,13.51937,-28.33883,20.86,0.29266,13.522712630166,-28.3267242857076,-999.0,22.33482,-999.0,0.64158,-999.0,4.227387,-999.0,2.497428,44.84924987924366
494,680,13.51586,-28.29246,18.82,0.11622,13.5187617738191,-28.3231594457564,-999.0,21.34668,-999.0,0.3797721,-999.0,10.50337,-999.0,3.673008,110.90002967393781
495,681,13.51161,-28.32485,19.94,0.29088,13.5187617738191,-28.3231594457564,-999.0,21.34668,-999.0,0.3797721,-999.0,10.50337,-999.0,3.673008,23.466911813381245
496,682,13.50947,-28.25957,20.43,0.29135,13.4940585212028,-28.3206258709276,21.74283,-999.0,0.4964619,-999.0,7.292391,-999.0,3.333696,-999.0,225.16507285755628
497,683,13.50735,-28.32775,21.48,0.68454,13.5001840850598,-28.3361520055498,21.28096,20.28848,0.3481757,0.1603718,11.15877,27.83618,3.577545,4.110625,37.822045495572105
498,684,13.50564,-28.32884,21.42,0.49262,13.5001840850598,-28.3361520055498,21.28096,20.28848,0.3481757,0.1603718,11.15877,27.83618,3.577545,4.110625,31.49288384628694
499,685,13.50069,-28.32229,20.41,0.62798,13.4940585212028,-28.3206258709276,21.74283,-999.0,0.4964619,-999.0,7.292391,-999.0,3.333696,-999.0,21.852901211008916
500,686,13.49898,-28.2739,21.25,0.39094,13.4940585212028,-28.3206258709276,21.74283,-999.0,0.4964619,-999.0,7.292391,-999.0,3.333696,-999.0,168.9349641265107
501,687,13.49511,-28.26181,20.51,0.34425,13.4940585212028,-28.3206258709276,21.74283,-999.0,0.4964619,-999.0,7.292391,-999.0,3.333696,-999.0,211.76336907209497
502,689,13.65061,-28.33845,21.11,0.46661,13.6037837909162,-28.3666998071794,22.02232,21.27307,0.5074556,0.3573066,5.637349,11.24014,2.634166,3.698138,179.8644292898767
503,690,13.65704,-28.33561,21.2,0.72521,13.6037837909162,-28.3666998071794,22.02232,21.27307,0.5074556,0.3573066,5.637349,11.24014,2.634166,3.698138,202.4729065645526
504,691,13.69575,-28.3344,21.52,0.09462,13.6037837909162,-28.3666998071794,22.02232,21.27307,0.5074556,0.3573066,5.637349,11.24014,2.634166,3.698138,313.7139016650923
505,692,13.66601,-28.33118,21.92,0.77813,13.6037837909162,-28.3666998071794,22.02232,21.27307,0.5074556,0.3573066,5.637349,11.24014,2.634166,3.698138,234.9866132858862
506,693,13.70628,-28.32961,20.95,0.36256,13.6037837909162,-28.3666998071794,22.02232,21.27307,0.5074556,0.3573066,5.637349,11.24014,2.634166,3.698138,351.1161800785735
507,694,13.70639,-28.33004,0.0,0.36311,13.6037837909162,-28.3666998071794,22.02232,21.27307,0.5074556,0.3573066,5.637349,11.24014,2.634166,3.698138,350.8527078834465
508,695,13.684,-28.32776,20.41,0.46731,13.6037837909162,-28.3666998071794,22.02232,21.27307,0.5074556,0.3573066,5.637349,11.24014,2.634166,3.698138,290.247313597972
509,696,13.64133,-28.32499,20.6,0.28962,13.5891176590454,-28.3413254642531,-999.0,22.51917,-999.0,0.5079826,-999.0,3.567218,-999.0,1.668586,175.5875649895849
510,697,13.71378,-28.32262,19.64,0.39393,13.6037837909162,-28.3666998071794,22.02232,21.27307,0.5074556,0.3573066,5.637349,11.24014,2.634166,3.698138,382.9376783179633
511,698,13.71856,-28.31994,21.35,0.07467,13.6037837909162,-28.3666998071794,22.02232,21.27307,0.5074556,0.3573066,5.637349,11.24014,2.634166,3.698138,400.7310687086408
512,699,13.65768,-28.31833,20.42,0.2042,13.5891176590454,-28.3413254642531,-999.0,22.51917,-999.0,0.5079826,-999.0,3.567218,-999.0,1.668586,232.49961670471282
513,700,13.65932,-28.31474,17.43,0.07505,13.5891176590454,-28.3413254642531,-999.0,22.51917,-999.0,0.5079826,-999.0,3.567218,-999.0,1.668586,242.17709560483718
514,701,13.69148,-28.31276,19.22,0.32435,13.6037837909162,-28.3666998071794,22.02232,21.27307,0.5074556,0.3573066,5.637349,11.24014,2.634166,3.698138,338.99559427447906
515,702,13.68659,-28.31208,20.96,0.29309,13.5891176590454,-28.3413254642531,-999.0,22.51917,-999.0,0.5079826,-999.0,3.567218,-999.0,1.668586,326.33254038583743
516,703,13.69939,-28.30975,21.13,0.55979,13.6037837909162,-28.3666998071794,22.02232,21.27307,0.5074556,0.3573066,5.637349,11.24014,2.634166,3.698138,365.7909502059552
517,704,13.714,-28.32107,20.9,0.20401,13.6037837909162,-28.3666998071794,22.02232,21.27307,0.5074556,0.3573066,5.637349,11.24014,2.634166,3.698138,385.91640546896264
518,705,13.6846,-28.3075,20.78,0.55579,13.5891176590454,-28.3413254642531,-999.0,22.51917,-999.0,0.5079826,-999.0,3.567218,-999.0,1.668586,326.16653244247635
519,706,13.68446,-28.30532,19.72,0.36214,13.5891176590454,-28.3413254642531,-999.0,22.51917,-999.0,0.5079826,-999.0,3.567218,-999.0,1.668586,328.77212100256486
520,707,13.62897,-28.30213,21.73,0.29225,13.5891176590454,-28.3413254642531,-999.0,22.51917,-999.0,0.5079826,-999.0,3.567218,-999.0,1.668586,189.36907412895474
521,708,13.69512,-28.3011,21.05,0.56189,13.5891176590454,-28.3413254642531,-999.0,22.51917,-999.0,0.5079826,-999.0,3.567218,-999.0,1.668586,365.8138255920603
522,710,13.66272,-28.29561,21.34,0.77892,13.5891176590454,-28.3413254642531,-999.0,22.51917,-999.0,0.5079826,-999.0,3.567218,-999.0,1.668586,285.4724705140662
523,711,13.69533,-28.29441,20.99,0.56112,13.5891176590454,-28.3413254642531,-999.0,22.51917,-999.0,0.5079826,-999.0,3.567218,-999.0,1.668586,376.60294795527483
524,713,13.71136,-28.28575,22.2,0.55535,13.5891176590454,-28.3413254642531,-999.0,22.51917,-999.0,0.5079826,-999.0,3.567218,-999.0,1.668586,436.03484041504817
525,714,13.67491,-28.28222,0.0,2.41534,13.5891176590454,-28.3413254642531,-999.0,22.51917,-999.0,0.5079826,-999.0,3.567218,-999.0,1.668586,345.2663446505006
526,715,13.69037,-28.28067,20.83,0.55977,13.5891176590454,-28.3413254642531,-999.0,22.51917,-999.0,0.5079826,-999.0,3.567218,-999.0,1.668586,388.15334624221373
527,716,13.685,-28.27834,20.05,0.43701,13.5891176590454,-28.3413254642531,-999.0,22.51917,-999.0,0.5079826,-999.0,3.567218,-999.0,1.668586,379.16328273974324
528,717,13.67647,-28.27699,22.85,0.91643,13.5891176590454,-28.3413254642531,-999.0,22.51917,-999.0,0.5079826,-999.0,3.567218,-999.0,1.668586,360.96083175995005
529,718,13.66457,-28.27413,20.32,0.43955,13.5891176590454,-28.3413254642531,-999.0,22.51917,-999.0,0.5079826,-999.0,3.567218,-999.0,1.668586,340.15856670906123
530,719,13.65764,-28.27234,19.51,0.26502,13.5891176590454,-28.3413254642531,-999.0,22.51917,-999.0,0.5079826,-999.0,3.567218,-999.0,1.668586,329.91639514536
531,720,13.64307,-28.26919,20.32,0.43606,13.5803727552543,-28.3354731466109,-999.0,22.70105,-999.0,0.5454087,-999.0,3.017031,-999.0,1.515207,310.5351765614134
532,721,13.63038,-28.26398,20.76,0.62972,13.5803727552543,-28.3354731466109,-999.0,22.70105,-999.0,0.5454087,-999.0,3.017031,-999.0,1.515207,302.2701596629123
533,722,13.69932,-28.26123,20.99,1.2105,13.5891176590454,-28.3413254642531,-999.0,22.51917,-999.0,0.5079826,-999.0,3.567218,-999.0,1.668586,452.9424350713876
534,723,13.68882,-28.25953,20.83,0.23031,13.5891176590454,-28.3413254642531,-999.0,22.51917,-999.0,0.5079826,-999.0,3.567218,-999.0,1.668586,431.95130815307016
535,724,13.66411,-28.25705,21.07,0.23168,13.5891176590454,-28.3413254642531,-999.0,22.51917,-999.0,0.5079826,-999.0,3.567218,-999.0,1.668586,385.4229220584034
536,725,13.69168,-28.25586,20.86,0.2301,13.5891176590454,-28.3413254642531,-999.0,22.51917,-999.0,0.5079826,-999.0,3.567218,-999.0,1.668586,447.6081045243428
537,726,13.68356,-28.2531,21.7,0.53829,13.5891176590454,-28.3413254642531,-999.0,22.51917,-999.0,0.5079826,-999.0,3.567218,-999.0,1.668586,436.4580454244156
538,727,13.69381,-28.25005,22.59,0.2306,13.5891176590454,-28.3413254642531,-999.0,22.51917,-999.0,0.5079826,-999.0,3.567218,-999.0,1.668586,467.0145917813097
539,728,13.63751,-28.24698,20.76,0.43742,13.5803727552543,-28.3354731466109,-999.0,22.70105,-999.0,0.5454087,-999.0,3.017031,-999.0,1.515207,366.4643196594745
540,729,13.6658,-28.24412,20.19,0.43187,13.5803727552543,-28.3354731466109,-999.0,22.70105,-999.0,0.5454087,-999.0,3.017031,-999.0,1.515207,426.01919827466367
541,730,13.67719,-28.24009,21.54,0.55034,13.5891176590454,-28.3413254642531,-999.0,22.51917,-999.0,0.5079826,-999.0,3.567218,-999.0,1.668586,459.09531247788567
542,731,13.6688,-28.23844,21.06,0.54998,13.5803727552543,-28.3354731466109,-999.0,22.70105,-999.0,0.5454087,-999.0,3.017031,-999.0,1.515207,447.88994049992345
543,732,13.71984,-28.23666,19.24,0.16176,13.5891176590454,-28.3413254642531,-999.0,22.51917,-999.0,0.5079826,-999.0,3.567218,-999.0,1.668586,560.088217500392
544,733,13.63351,-28.23504,19.77,0.19553,13.5803727552543,-28.3354731466109,-999.0,22.70105,-999.0,0.5454087,-999.0,3.017031,-999.0,1.515207,398.87553697297557
545,734,13.68083,-28.2329,0.0,0.23012,13.5891176590454,-28.3413254642531,-999.0,22.51917,-999.0,0.5079826,-999.0,3.567218,-999.0,1.668586,486.7104445367089
546,735,13.69958,-28.23161,19.28,0.36169,13.5891176590454,-28.3413254642531,-999.0,22.51917,-999.0,0.5079826,-999.0,3.567218,-999.0,1.668586,527.8551528409579
547,736,13.66431,-28.22849,21.64,0.55777,13.5803727552543,-28.3354731466109,-999.0,22.70105,-999.0,0.5454087,-999.0,3.017031,-999.0,1.515207,468.1268920290681
548,737,13.62722,-28.22692,21.4,0.52001,13.5537721160957,-28.3215357007568,-999.0,22.18194,-999.0,0.4258718,-999.0,4.866578,-999.0,1.908415,412.6086778399119
549,738,13.6437,-28.22527,19.73,0.56044,13.5803727552543,-28.3354731466109,-999.0,22.70105,-999.0,0.5454087,-999.0,3.017031,-999.0,1.515207,444.6379773368785
